"KOD";"PORC_ADB";"CIS_ADB";"CP";"PPC";"PUV_ZN";"AUTOR_ADB";"INST_ADB";"ROK_ADB";"TVAR_ADB";"HROB";"KULT1";"KULT2";"KULT3";"KULT4";"KULT5";"KULT6";"POZN_ADB";"V_SYST"
"P1/PRAHA - HR/2011/333";1;0;"132";"234";"S01";"Podliska J.";"NPÚ Praha";"2011";"B";0;"rs/vs";"novove";;;;;;"B"
"P1/PRAHA - HR/2011/333";2;0;"132";"234";"S02";"Podliska J.";"NPÚ Praha";"2011";"B";0;"rs/vs";"no.2";;;;;;"B"
"P1/PRAHA - HR/2011/333";3;0;"132";"234";"S03";"Podliska J.";"NPÚ Praha";"2011";"B";1;"rs.4";"rs/vs";"vstred";"novove";;;;"B"
"P1/PRAHA - HR/2011/789";1;0;"132";"234";"S01";"Podliska J.";"NPÚ Èeské Budìjovice";"2011";"B";0;"rs/vs";"novove";;;;;;"B"
"P1/PRAHA - HR/2011/789";2;0;"132";"234";"S02";"Podliska J.";"NPÚ Praha";"2011";"B";0;"rs/vs";"no.2";;;;;;"B"
"P1/PRAHA - HR/2011/789";3;0;"132";"234";"S03";"Podliska J.";"NPÚ Praha";"2011";"B";1;"rs.4";"rs/vs";"vstred";"novove";;;;"B"
"P1/PRAHA - JO/2007/139";1;0;"1/V";"34";"Sonda RŠ1";"Starec P.";"MM Praha";"2007";"B";1;"rs.hra";"rs/vs";;;;;;"B"
"P1/PRAHA - JO/2007/139";2;0;"1/V";"34";"Suterén a dvùr";"Starec P.";"MM Praha";"2007";"P";0;"vs.1";"vs-no";;;;;;"B"
"P1/PRAHA - JO/2007/684";1;0;"68/V";"9";"Suterény a dvùr";"Starec P.";"MM Praha";"2007";"P";0;"vs.1";"vs.2";"novove";;;;;"B"
"P1/PRAHA - JO/2011/208";1;0;;"123";"R11";"Havrda J.";"NPÚ Praha";"2011";"L";0;"no.1";"st-no";;;;;"Øez pøed jiní obvodovou zdí domu èp. 40, naproti Klausovì synagoze.";"B"
"P1/PRAHA - JO/2011/208";2;0;;"123";"R12";"Havrda J.";"NPÚ Praha";;"L";0;"novove";"st-no";;;;;"Øez pøed západní obvodovou zdí domu èp. 40.";"B"
"P1/PRAHA - JO/2011/208";3;0;;"123";"R13";"Havrda J.";"NPÚ Praha";"2011";"L";0;"novove";"st-no";;;;;"Øez pøed západní obvodovou zdí domu èp. 40.";"B"
"P1/PRAHA - JO/2011/208";4;0;;"123";"R14";"Havrda J.";"NPÚ Praha";"2011";"L";0;"novove";"st-no";;;;;"Øez situovanı jinì od domu èp. 42. Pravdìpodobá vıška povrchu podloí zjištìna geologickım vrtákem.";"B"
"P1/PRAHA - JO/2011/208";5;0;;"123";"M4";"Havrda J.";"NPÚ Praha";"2011";"L";0;"st-no";"no.2";;;;;"Po celé délce ulice bylo ve vıkopu pro vodovod zamìøeno 45 kamennıch i cihlovıch pøedasanaèních zdí.";"B"
"P1/PRAHA - JO/2011/498";1;0;"14";"21";"S17";"Prokopová A.";"NPÚ Praha";"2011";"O";0;"vs.1";;;;;;"1 = Komp. A.";"B"
"P1/PRAHA - JO/2011/498";2;0;"14";"21";"S38";"Prokopová A.";"NPÚ Praha";"2011";"O";0;"vs.1";;;;;;"Komp. B - pec elezáøská v sondì S38.";"B"
"P1/PRAHA - JO/2011/498";3;0;"14";"21";"S32";"Prokopová A.";"NPÚ Praha";;"O";0;"vs.1";;;;;;"Komp. B - bøidlicové zdivo v sondì S32.";"B"
"P1/PRAHA - JO/2011/498";4;0;"14";"21";"S35";"Prokopová A.";"NPÚ Praha";"2011";"O";0;"vstred";;;;;;"Komp. B - pec potravináøská v sondì S35.";"B"
"P1/PRAHA - JO/2011/498";5;0;"14";"21";"S09";"Prokopová A.";"NPÚ Praha";"2011";"O";0;"?";;;;;;"Komp. C v sondì S09.";"B"
"P1/PRAHA - JO/2011/498";6;0;"14";"21";"S40";"Prokopová A.";"NPÚ Praha";"2011";"O";0;"no.1";;;;;;;"B"
"P1/PRAHA - JO/2011/513";1;0;;"110";"R17";"Havrda J.";"NPÚ Praha";"2011";"B";0;"vs-no";;;;;;"Øez pøed domem èp. 98. Ve vıkopu hlubokém 1,5 m zachyceny pouze novovìké naváky.";"B"
"P1/PRAHA - JO/2011/513";2;0;;"110";"R20";"Havrda J.";"NPÚ Praha";"2011";"L";0;"no.2";"st-no";;;;;"Øez dokumentovanı na køiovatce ulic Paøíské a Široké na rohu domu èp. 125.";"B"
"P1/PRAHA - JO/2011/513";3;0;;"110";"R21";"Havrda J.";"NPÚ Praha";"2011";"L";0;"no.2";;;;;;"Øez v Paøíské ulici pøed èp. 66.";"B"
"P1/PRAHA - JO/2011/513";4;0;;"110";;"Havrda J.";"NPÚ Praha";"2011";"L";0;"novove";"st-no";;;;;;"B"
"P1/PRAHA - JO/2011/570";1;0;;"119/1";"R18";"Havrda J.";"NPÚ Praha";"2011";"L";0;"novove";"st-no";;;;;"Øez pøed dome èp. 64.";"B"
"P1/PRAHA - JO/2011/570";2;0;;"119/1";"R19";"Havrda J.";"NPÚ Praha";"2011";"L";0;"novove";"st-no";;;;;"Øez pøed severozápadním nároím domu èp. 64.";"B"
"P1/PRAHA - JO/2011/570";3;0;;"119/1";;"Havrda J.";"NPÚ Praha";"2011";"L";0;"novove";"st-no";;;;;;"B"
"P1/PRAHA - MA/2003/790";1;0;"425";"327/1";"Vjezd do garáí";"Starec P.";"MM Praha";"2002";"P";0;"rs/vs";"stredo";"novove";;;;;"B"
"P1/PRAHA - MA/2003/790";2;0;"425";"327/1";"Kanalizaèní šachta";"Starec P.";"MM Praha";"2003";"B";0;"stredo";"novove";;;;;;"B"
"P1/PRAHA - MA/2003/790";3;0;"425";"327/1";"Vodovodní pøípojka";"Starec P.";"MM Praha";"2003";"B";0;"novove";;;;;;;"B"
"P1/PRAHA - MA/2010/129";1;0;;"742/1";"R01";"Havrda J.";"NPÚ Praha";"2010";"B";0;"novove";;;;;;;"B"
"P1/PRAHA - MA/2010/138";1;0;;"1039/1";"sonda 1";"Cymbalak T.";"NPÚ Praha";"2010";"L";0;"novove";;;;;;;"B"
"P1/PRAHA - MA/2010/179";1;0;"17/III";"108";"S1";"Èiháková J.";"NPÚ Praha";"2010";"L";0;;;;;;;;"B"
"P1/PRAHA - MA/2010/202";1;0;"563";"793";"R01";"Havrda J.";"NPÚ Praha";"2010";"L";0;"novove";;;;;;;"B"
"P1/PRAHA - MA/2010/300";1;0;"158/III";"604";"S1";;"NPÚ Praha";"2010";"L";0;;;;;;;;"B"
"P1/PRAHA - MA/2010/339";1;0;"503";"784";"R01";"Havrda J.";"NPÚ Praha";"2010";"L";0;"novove";;;;;;;"B"
"P1/PRAHA - MA/2010/377";1;0;;"993";"R01";"Havrda J.";"NPÚ Praha";"2010";"B";0;"vstred";;;;;;;"B"
"P1/PRAHA - MA/2010/513";1;0;"170";"583";"S01";"Havrda J.";"NPÚ Praha";"2010";"L";0;;;;;;;"negativní";"B"
"P1/PRAHA - MA/2010/534";1;0;;"742/1";"øez 2";"Havrda J.";"NPÚ Praha";"2010";"B";0;"novove";;;;;;;"B"
"P1/PRAHA - MA/2010/661";1;0;"464";"304";"R01, R02";"Havrda J.";"NPÚ Praha";"2010";"L";0;"novove";;;;;;;"B"
"P1/PRAHA - MA/2010/802";1;0;;"744/1";"øez 3";"Havrda J.";"NPÚ Praha";"2010";"B";0;"novove";;;;;;;"B"
"P1/PRAHA - MA/2010/868";1;0;"4/III";"5";"S1";;"NPÚ Praha";"2010";"L";0;;;;;;;;"B"
"P1/PRAHA - MA/2010/937";1;0;"474";"280";"R01";"Havrda J.";"NPÚ Praha";"2010";"B";0;"novove";;;;;;;"B"
"P1/PRAHA - MA/2011/151";1;0;"72";"167/1";"Sonda 01";"Cymbalak T.";"NPÚ Praha";"2011";"P";0;"no.1";;;;;;"Sonda lokalizovaná v jihozápadní èásti sklepních místností objektu èp. 72, kde, podle projektu rekonstrukce domu, má bıt zøízená nová sklepní místnost. Dok. Hist. Nadloí zahájena od kóty 189,00 m n.m. Povrch geologického podloí nebyl dosaen a její nejniší bod se nalézal cca 0,5 m pod povrchem pùvodní podlahy sklepa, tvoøené valounovou dlabou (186,02 m n. m.).";"B"
"P1/PRAHA - MA/2011/151";2;0;"73";"171";"Sonda 02";"Cymbalak T.";"NPÚ Praha";"2011";"P";0;"no.1";;;;;;"Archeol. dok. realizována v J konci spojovací chodby sklep. Místností èp. 73. Chodba je lokal. Uprostøed budovy a její umístìní odpovídá prùbìhu domovního prùjezdu v úrovni pøízemí. Povrch hist. Ter. 186,50 m n.m., jejich char. Napovídá o jejich pøírodním pùvodu. Vıraznìjší pøímìs uhlíkù a pískù mezi støídajícími se polohami prachovitıch hlín s valounky a maltou poukazuje na mohutné pøesuny stavebních sutí a nivelaèní práce, jejich dùsledkem bylo zasypání zaniklého ramena Vltavy, které bylo dokonèeno a v prùbìhu vrcholného støedovìku a raného novovìku.";"B"
"P1/PRAHA - MA/2011/191";1;0;"72";"167/1";"Sonda 01";"Cymbalak T.";"NPÚ Praha";"2011";"P";0;"no.1";;;;;;"Sonda lokalizována v JZ èásti sklepních místností objektu è.p. 72, kde podle projektu rekonstrukce domu, má bıt zøízená nová sklepní              místnost. Dok. his. nadloí zahájena od kóty 189,00 m n.m. Povrch  geologického podloí nebyl dosaen a její nejniší bod se nalézal cca 0,5 m pod povrchem pùvodní podlahy sklepa, tvoøené valounovou dlabou (186,02 m n.m.)";"B"
"P1/PRAHA - MA/2011/191";2;0;"73";"171";"Sonda 02";"Cymbalak T.";"NPÚ Praha";"2011";"P";0;"no.1";;;;;;"Archeol. dok. realizována v J konci spojovací chodby sklepa. Místnost è.p. 73. Chodba je lokal. uprostøed budovy a její umístìní odpovídá prùbìhu domovního prùjezdu v úrovni pøízemí. Povrch hist. Ter. 186,50 m n.m., jejich char. napovídá o jejich pøírodním pùvodu. Vıraznìjší pøímìs uhlíkù a pískù mezi støídajícími se polohami prachovitıch hlín s valounky a maltou poukazuje na mohutné pøesuny stavebních sutí a nivelaèní práce, jejich dùsledkem bylo zasypání zaniklého ramena Vltavy, které bylo dokonèeno a v prùbìhu vrcholného støedovìku a raného novovìku.";"B"
"P1/PRAHA - MA/2011/269";1;0;"286/III";;"sonda I";"Èiháková J.";"NPÚ Praha";"2011";"B";0;"vs.1";;;;;;;"B"
"P1/PRAHA - MA/2011/269";2;0;"286/III";;"sonda II, vızkum 2011/2";"Müller M.";"NPÚ Praha";"2011";"B";0;"vs.1";;;;;;;"B"
"P1/PRAHA - MA/2011/269";3;0;"286/III";;"sonda III, vızkum 2011/2";"Müller M.";"NPÚ Praha";"2011";"B";0;"vs.1";;;;;;;"B"
"P1/PRAHA - MA/2011/269";4;0;"286/III";;"sonda IV, vızkum 2011/2";"Müller M.";;"2011";"B";0;"vs/no";;;;;;"pro nebezpeèí dokumentováno jen fotograficky";"B"
"P1/PRAHA - MA/2011/270";1;0;"464/III";"304/2";"R1 (severní èást)";"Havrda J.";"NPÚ Praha";"2011";"L";0;"novove";"vs.2";"vs.1";;;;;"B"
"P1/PRAHA - MA/2011/270";2;0;"464";"304/2";"R1 (jiní èást) a R2";"Havrda J.";"NPÚ Praha";"2011";"P";0;"novove";"vs.2";"vs.1";;;;"Hladina spodní vody 186,26 m.";"B"
"P1/PRAHA - MA/2011/412";1;0;"439";"333";;"Havrda J.";"NPÚ Praha";"2011";"L";0;;;;;;;"Vybrán zásyp starších inenırskıch sítí na dvoøe domu.";"B"
"P1/PRAHA - MA/2011/443";1;0;"445/III";"799";"sonda 1";"Havrda J.";"NPÚ Praha";"2011";"B";0;"novove";;;;;;;"B"
"P1/PRAHA - MA/2011/443";2;0;"445/III";"799";"sonda 2";"Havrda J.";"NPÚ Praha";"2011";"B";0;"novove";"stredo";;;;;;"B"
"P1/PRAHA - MA/2011/443";3;0;"445/III";"799";"sonda 3";"Havrda J.";"NPÚ Praha";"2011";"B";0;"novove";;;;;;;"B"
"P1/PRAHA - MA/2011/443";4;0;"445/III";"799";"sonda 4";"Havrda J.";"NPÚ Praha";"2011";"B";0;"novove";"vs.2";;;;;;"B"
"P1/PRAHA - MA/2011/443";5;0;"445/III";"799";"sonda 5";"Havrda J.";"NPÚ Praha";"2011";"B";0;"no.2";;;;;;;"B"
"P1/PRAHA - MA/2011/450";1;0;"192/III";;"sonda I+VIII";"Èiháková J.";"NPÚ Praha";"2011";"P";0;"no.2";;;;;;"Sníenı povrch podloí + jímka zaplnìná na poè. 18. století. Nejvyšší bod skály v severní stìnì místnosti.";"B"
"P1/PRAHA - MA/2011/450";2;0;"192";;"Sonda V";"Èiháková J.";"NPÚ Praha";"2011";"L";0;"vs.1";;;;;;"Vıkop pro základovı pas pod schodištì proal objekt tvaru polozemnice zapuštìnı do skály a vyplnìnı bøidliènou drtí. Mezi nálezy není mladší keramika se zduøelımi okraji.";"B"
"P1/PRAHA - MA/2011/450";3;0;"192/III";;"sonda VII";"Èiháková J.";"NPÚ Praha";"2011";"P";0;"rs.4";"vs.1";"no.1";;;;"Mezi stìnou pøíkopu a jeho obezdìním z VS1 byla kapsa vyplnìná materiálem s keramikou vıluènì RS4.";"B"
"P1/PRAHA - MA/2011/450";4;0;"192/III";;"sonda IX";"Müller M.";"NPÚ Praha";"2011";"L";0;"novove";;;;;;;"B"
"P1/PRAHA - MA/2011/450";5;0;"192/III";;"sonda X";"Müller M.";;;"B";0;"novove";;;;;;"Zásyp nad klenbou neznámého schodištì.";"B"
"P1/PRAHA - MA/2011/450";6;0;"192/III";;"sonda XI";"Müller M.";"NPÚ Praha";"2011";"B";0;;;;;;;;"B"
"P1/PRAHA - MA/2011/450";7;0;"192/III";;"sonda XII";"Müller M.";"NPÚ Praha";"2011";"P";0;"rs.2";"rs.3";"rs.4";"rs/vs";;;"Prudkı svah k vıchodu pøekrytı pùdou, na západì odsekán do plošiny ji v dobì RS2.";"B"
"P1/PRAHA - MA/2011/450";8;0;"192/III";;"sonda XIIIa";"Müller M.";"NPÚ Praha";"2011";"L";0;"novove";;;;;;"Vıkop podél severní zdi refektáøe. Za zdí nízká štola ve skále, strop 237,05.";"B"
"P1/PRAHA - MA/2011/450";9;0;"192/III";;"sonda XIIIb";"Èiháková J.";"NPÚ Praha";"2011";"B";0;;;;;;;"Sníenı povrch skály v západní stìnì refektáøe.";"B"
"P1/PRAHA - MA/2011/487";1;0;"162";"596";"R1";"Havrda J.";"NPÚ Praha";"2011";"B";0;"novove";;;;;;;"B"
"P1/PRAHA - MA/2011/657";1;0;;"981";"Sonda 1";"Havrda J.";"NPÚ Praha";"2011";"L";1;"st-no";;;;;;;"B"
"P1/PRAHA - MA/2011/805";1;0;"385";"384";"sonda 1";"Havrda J.";"NPÚ Praha";"2011";"L";0;"novove";"stredo";;;;;;"B"
"P1/PRAHA - MA/2011/805";2;0;"385";"384";"sonda 2";"Havrda J.";"NPÚ Praha";"2011";"P";0;"novove";"stredo";;;;;;"B"
"P1/PRAHA - MA/2011/805";3;0;"385";"384";"sonda 3";"Havrda J.";"NPÚ Praha";"2011";"P";0;"rs.4";"vs.1";"vs.2";"novove";;;;"B"
"P1/PRAHA - MA/2012/156";1;0;"520/III";"240";"2012/18";"Èiháková J.";"NPÚ Praha";"2012";"L";0;"vs.2";;;;;;"Podloí nedosaeno.";"B"
"P1/PRAHA - MA/2012/215";1;0;"355";"433";"sonda 1 - øez R01";"Havrda J.";"NPÚ Praha";"2012";"L";0;"novove";;;;;;;"B"
"P1/PRAHA - MA/2012/215";2;0;"355";"433";"sonda 2 - øezy R02 a R09";"Havrda J.";"NPÚ Praha";"2012";"B";0;"rs.3";"vstred";;;;;;"B"
"P1/PRAHA - MA/2012/215";3;0;"355";"433";"sonda 2 (rıha) - R10, R11, R12";"Havrda J.";"NPÚ Praha";"2012";"L";0;"rs.3";"vstred";;;;;;"B"
"P1/PRAHA - MA/2012/215";4;0;"355";"432";"sonda 3 - R13, R14";"Havrda J.";"NPÚ Praha";"2012";"L";0;"vstred";;;;;;"Podloí zachyceno geologickım vrtákem.";"B"
"P1/PRAHA - MA/2012/243";1;0;"118";"129";"sonda 1 - R01";"Havrda J.";"NPÚ Praha";"2012";"L";0;"vstred";"novove";;;;;"Podloí pro novovìké navákové souvrství tvoøí povodòové hlíny, které sedimentovaly ve støedovìku a novovìku a obsahují neèetné artefakty.";"B"
"P1/PRAHA - MA/2012/243";2;0;"118";"129";"sonda 2 - R02";"Havrda J.";"NPÚ Praha";"2012";"B";0;"vstred";"novove";;;;;"Podloí pro novovìké navákové souvrství tvoøí povodòové hlíny, které sedimentovaly ve støedovìku a novovìku a obsahují neèetné artefakty.
Geologickım vrtákem dosaena úroveò 184,52 m n. m.";"B"
"P1/PRAHA - MA/2012/243";3;0;"118";"129";"sonda 3 - R03 a R06";"Havrda J.";"NPÚ Praha";"2012";"B";0;"vstred";"novove";;;;;"Podloí pro novovìké navákové souvrství tvoøí povodòové hlíny, které sedimentovaly ve støedovìku a novovìku a obsahují neèetné artefakty. Geologickım vrtákem dosaena úroveò 181,65 m n. m.";"B"
"P1/PRAHA - MA/2012/252";1;0;;"911/1";"R2-R9";"Cymbalak T.";"NPÚ Praha";"2012";"L";0;"stredo";"no.1";"no.2";;;;;"B"
"P1/PRAHA - MA/2012/252";2;0;;"906";"R01, R10-R12";"Cymbalak T.";"NPÚ Praha";"2012";"L";0;"stredo";"no.2";;;;;;"B"
"P1/PRAHA - MA/2012/259";1;0;"486";"270";"zahrada";"Staòková V.";"NPÚ Praha";"2012";"P";0;"no.2";;;;;;;"B"
"P1/PRAHA - MA/2012/259";2;0;"486";"257";"nádvoøí";"Staòková V.";"NPÚ Praha";"2012";"L";0;;;;;;;"Recent.";"B"
"P1/PRAHA - MA/2012/343";1;0;" 312";"40";"sonda 1, øez 1, 2";"Havrda J.";"NPÚ Praha";"2012";"B";0;"stredo";;;;;;"Geologickım vrtákem podloí jednoznaènì nezastieno na niveletì  207,90. Vrtákem byla zasaena patrnì vıplò neznámé sníeniny èi objektu.";"B"
"P1/PRAHA - MA/2012/343";2;0;" 312";"40";"sonda 2, øez 3, 4";"Havrda J.";"NPÚ Praha";"2012";"B";0;"stredo";;;;;;"Geologickım vrtákem byla na niveletì 209,46 zastiena svahová hlína èi pozvolnı pøechod do svahovin, prozkoumáno na niveletu 209,37.";"B"
"P1/PRAHA - MA/2012/343";3;0;"312";"40";"sonda 3, øez 5";"Havrda J.";"NPÚ Praha";"2012";"B";0;"stredo";;;;;;"Geologickım vrtákem prozkoumána stratigrafie na niveletu 211,23.";"B"
"P1/PRAHA - MA/2012/343";4;0;"312";"40";"sonda 4, øez 6";"Havrda J.";"NPÚ Praha";"2012";"B";0;"novove";;;;;;;"B"
"P1/PRAHA - MA/2012/343";5;0;"312";"40";"sonda 5, øez 7";"Havrda J.";"NPÚ Praha";"2012";"B";0;"vstred";;;;;;;"B"
"P1/PRAHA - MA/2012/343";6;0;"312";"40";"sonda 6, øez 8";"Havrda J.";"NPÚ Praha";"2012";"B";0;;;;;;;;"B"
"P1/PRAHA - MA/2012/453";1;0;"445";"799";;"Staòková V.";"NPÚ Praha";"2012";"P";0;"no.2";;;;;;;"B"
"P1/PRAHA - MA/2012/466";1;0;;"137/2";"2012/40";"Èiháková J.";"NPÚ Praha";"2012";"L";0;"no.2";;;;;;"Podloí nedosaeno, historické terény nezastieny.";"B"
"P1/PRAHA - MA/2012/485";1;0;"485";"248";;"Staòková V.";"NPÚ Praha";"2012";"B";0;;;;;;;"Recent.";"B"
"P1/PRAHA - MA/2012/606";1;0;"250/III";"59";"2012/23";"Èiháková J.";"NPÚ Praha";"2012";"P";0;;;;;;;"Zastien sníenı povrch podloních svahovin.";"B"
"P1/PRAHA - MA/2012/649";1;0;"73";"171";;"Cymbalak T.";"NPÚ Praha";"2012";"B";0;"no.1";;;;;;"Pokraèování akce z roku 2008 a 2011.";"B"
"P1/PRAHA - MA/2012/813";1;0;"449";"318";;"Staòková V.";"NPÚ Praha";"2012";"B";0;;;;;;;"Recent.";"B"
"P1/PRAHA - MA/2012/821";1;0;"519";"994";"R01";"Cymbalak T.";"NPÚ Praha";"2012";"B";0;"rs.4";"rs/vs";"vs.1";"vs-no";"no.2";;;"B"
"P1/PRAHA - MA/2012/850";1;0;"362";"424";"øez R1";"Havrda J.";"NPÚ Praha";"2012";"L";0;"novove";;;;;;;"B"
"P1/PRAHA - MA/2012/850";2;0;"362";"424";"øez R2";"Havrda J.";"NPÚ Praha";"2012";"L";0;"rs.4";;;;;;;"B"
"P1/PRAHA - MA/2012/850";3;0;"362";"425";"øez R3";"Havrda J.";"NPÚ Praha";"2012";"L";0;"rs.3";"vs.1";"novove";;;;;"B"
"P1/PRAHA - MA/2012/850";4;0;"362";"425";"øez R4";"Havrda J.";"NPÚ Praha";"2012";"L";0;"rs.3";"vs.1";"novove";;;;;"B"
"P1/PRAHA - MA/2012/850";5;0;"362";"425";"øez R5";"Havrda J.";"NPÚ Praha";"2012";"L";0;"rs.3";"vs.1";"novove";;;;;"B"
"P1/PRAHA - MA/2012/850";6;0;"362";"425";"øez R6";"Havrda J.";"NPÚ Praha";"2012";"B";0;"rstred";"novove";;;;;;"B"
"P1/PRAHA - MA/2012/850";7;0;"362";"426";"øez R7";"Havrda J.";"NPÚ Praha";"2012";"L";0;"novove";;;;;;;"B"
"P1/PRAHA - MA/2012/874";1;0;"480";"269";"S01";"Cymbalak T.";"NPÚ Praha";"2012";"P";0;"rs/vs";"vs.1";"vstred";"no.1";"no.2";;"Nejniší bod v sondì 188,46 m Bpv., podloí (svahová hlína) 189,19 m Bpv.";"B"
"P1/PRAHA - MA/2012/937";1;0;;"1001";"øez R01";"Havrda J.";"NPÚ Praha";"2012";"L";0;"st-no";;;;;;;"B"
"P1/PRAHA - MA/2012/937";2;0;;"1001";"øez R02";"Havrda J.";"NPÚ Praha";"2012";"L";0;"st-no";;;;;;;"B"
"P1/PRAHA - MA/2012/937";3;0;;"1001";"øez R03";"Havrda J.";"NPÚ Praha";"2012";"B";0;"st-no";;;;;;;"B"
"P1/PRAHA - MA/2012/937";4;0;;"1001";"øez R04";"Havrda J.";"NPÚ Praha";"2012";"L";0;"st-no";;;;;;;"B"
"P1/PRAHA - MA/2012/937";5;0;;"1001";"øez R05";"Havrda J.";"NPÚ Praha";"2012";"B";0;"st-no";;;;;;;"B"
"P1/PRAHA - MA/2012/937";6;0;;"1001";"øez R06";"Havrda J.";"NPÚ Praha";"2012";"B";0;"st-no";;;;;;;"B"
"P1/PRAHA - MA/2012/937";7;0;;"1001";"øez R07";"Havrda J.";"NPÚ Praha";"2012";"B";0;"st-no";;;;;;;"B"
"P1/PRAHA - MA/2012/937";8;0;;"1001";"øez R08";"Havrda J.";"NPÚ Praha";"2012";"B";0;"st-no";;;;;;;"B"
"P1/PRAHA - MA/2012/937";9;0;;"1001";"øez R09";"Havrda J.";"NPÚ Praha";"2012";"B";0;"st-no";;;;;;;"B"
"P1/PRAHA - MA/2013/263";1;0;"239";;"sonda I";"Èiháková J.";"NPÚ Praha";"2013";"B";0;"vs.2";"no.2";;;;;;"B"
"P1/PRAHA - MA/2013/263";2;0;"239";"460";"sonda II";"Èiháková J.";"NPÚ Praha";"2013";"B";0;"rs.4";"vs.1";"no.2";;;;;"B"
"P1/PRAHA - MA/2013/372";1;0;"40";"199";"øez R01";"Havrda J.";"NPÚ Praha";"2013";"L";0;;;;;;;"Geologickım vrtákem dosaeno nivelety 192,40. Podloí nezastieno.";"B"
"P1/PRAHA - MA/2013/374";1;0;"486";"257";"2013/10";"Staòková V.";"NPÚ Praha";"2013";"L";0;;;;;;;"Recent.";"B"
"P1/PRAHA - MA/2013/397";1;0;"515";"742/7";"S01";"Podliska J.";"NPÚ Praha";"2013";"P";0;"novove";;;;;;"Navákové souvrství, dlaba ze ètvercovıch cihlovıch dladic.";"B"
"P1/PRAHA - MA/2013/397";2;0;"515";"742/7";"S02";"Podliska J.";"NPÚ Praha";"2013";"L";0;"novove";"stredo";;;;;"Valounová dlaba, navákové souvrství, øíèní náplavy, pilíø Juditina mostu.";"B"
"P1/PRAHA - MA/2013/397";3;0;"515";"742/7";"S03";"Podliska J.";"NPÚ Praha";"2013";"L";0;"novove";"stredo";;;;;"Valounová dlaba, navákové souvrství, øíèní náplavy, pilíø Juditina mostu.";"B"
"P1/PRAHA - MA/2013/397";4;0;"515";"742/7";"S04";"Podliska J.";"NPÚ Praha";"2013";"L";0;"novove";"stredo";;;;;"Øíèní náplavy, pilíø Juditina mostu.";"B"
"P1/PRAHA - MA/2013/397";5;0;"515";"742/7";"S05";"Podliska J.";"NPÚ Praha";"2013";"L";0;"novove";"stredo";;;;;"Øíèní náplavy, pilíø Juditina mostu.";"B"
"P1/PRAHA - MA/2013/525";1;0;;"1001";"sonda S1, øezy RJ, RV";"Havrda J.";"NPÚ Praha";"2013";"B";0;;"st-no";;;;;"podloí. Patrnì o nìco málo sníené na niveletì 214,13 m, tj. 0,77 m od dnešního povrchu vozovky.";"B"
"P1/PRAHA - MA/2013/623";1;0;"187";"551";"øez 1";"Èiháková J.";"NPÚ Praha";"2013";"L";0;"-";"no.2";;;;;"sníenı povrch skalního podloí pøekrytı navákou";"B"
"P1/PRAHA - MA/2013/702";0;0;;"509";"øez 1";"Èiháková J.";"NPÚ Praha";"2013";"L";0;"no.1";;;;;;"Parcela 509 je uvnitø bloku mezi Nerudovou a Zámeckımi schody, nemá vlastní pøístup z ulice.";"B"
"P1/PRAHA - MA/2013/813";1;0;"486";"257";"S1";"Staòková V.";"NPÚ Praha";"2013";"P";0;"vs.2";"no.2";;;;;"Suterén, kutura vs. 2 zachycena sondáí ruèním vrtákem ze dna sondy S1.";"B"
"P1/PRAHA - MA/2013/813";2;0;"486";"257";"S2";"Staòková V.";"NPÚ Praha";"2013";"B";0;"no.2";;;;;;"Suterén, studna.";"B"
"P1/PRAHA - MA/2013/813";3;0;"486";"257";"S3";"Staòková V.";"NPÚ Praha";"2013";"P";0;"vs.2";"no.2";;;;;"Suterén - dvùr.";"B"
"P1/PRAHA - MA/2013/813";4;0;"486";"257";"S4";"Staòková V.";"NPÚ Praha";"2013";"B";0;"no.2";;;;;;"Nová konírna.";"B"
"P1/PRAHA - MA/2013/813";5;0;"486";"257";"S5";"Staòková V.";"NPÚ Praha";"2013";"L";0;"no.2";;;;;;"Suterén, stará konírna.";"B"
"P1/PRAHA - MA/2013/813";6;0;"486";"257";"S6";"Staòková V.";"NPÚ Praha";"2013";"P";0;"no.2";;;;;;"Dvùr.";"B"
"P1/PRAHA - MA/2013/813";7;0;"486";"257";"S7";"Staòková V.";"NPÚ Praha";"2013";"B";0;"no.2";;;;;;"Dvùr, studna.";"B"
"P1/PRAHA - MA/2013/952";1;0;"24";"93";"sonda 1";"Èiháková J.";"NPÚ Praha";"2013";;0;;;;;;;;"B"
"P1/PRAHA - NO/2004/481";1;0;;"2514";"Kanalizaèní šachta";"Starec P.";"MM Praha";"2004";"B";0;"vs.2";"novove";;;;;;"B"
"P1/PRAHA - NO/2004/530";1;0;;"2514";"Kanalizaèní šachta";"Starec P.";"MM Praha";"2004";"B";0;"vs.2";"novove";;;;;;"B"
"P1/PRAHA - NO/2004/538";1;0;;"2381";"Vodovodní pøípojka";"Starec P.";"MM Praha";"2004";"B";0;"vs.2";;;;;;;"B"
"P1/PRAHA - NO/2004/943";1;0;;"2514";"Kanalizaèní šachta";"Starec P.";"MM Praha";"2004";"B";0;"vs.2";"novove";;;;;;"B"
"P1/PRAHA - NO/2004/960";1;0;;"2514";"Kanalizaèní šachta";"Starec P.";"MM Praha";"2004";"B";0;"vs.2";"novove";;;;;;"B"
"P1/PRAHA - NO/2004/998";1;0;;"2514";"Kolektorová šachta Š21";"Starec P.";"MM Praha";"2004";"P";0;"vs.2";"novove";;;;;;"B"
"P1/PRAHA - NO/2005/740";1;0;;"2514";"Kabelová komora KKIV";"Starec P.";"MM Praha";"2005";"P";0;"vs.2";"novove";;;;;;"B"
"P1/PRAHA - NO/2005/980";1;0;;"2516";"Kabelová komora KKV";"Starec P.";"MM Praha";"2005";"P";0;"novove";;;;;;;"B"
"P1/PRAHA - NO/2008/952";1;0;"1308";"555";"Sonda 1";"Starec P.";"MM Praha";"2008";"B";0;"no.1";"no.2";;;;;;"B"
"P1/PRAHA - NO/2008/952";2;0;"1308";"555";"Sonda 2";"Starec P.";"MM Praha";"2008";"B";0;"no.2";;;;;;;"B"
"P1/PRAHA - NO/2008/952";3;0;"1308";"555";"Sonda 3";"Starec P.";"MM Praha";"2008";"B";0;"no.2";;;;;;;"B"
"P1/PRAHA - NO/2010/111";1;0;;"2384";"Sonda II";"Staòková V.";"NPÚ Praha";"2010";"P";0;"vs.1";"vs.2";"no.1";;;;"Sonda prostorovì navazuje na ZAV NPÚ HMP 2009/40 (Sonda I).";"B"
"P1/PRAHA - NO/2010/137";1;0;;"1129";"R1";"Staòková V.";"NPÚ Praha";"2010";"B";0;"vstred";;;;;;"R1 - Starší zdìné konstrukce pøed èp. 344 , Na Peštınì, k.ú. Staré mìsto.";"B"
"P1/PRAHA - NO/2010/137";2;0;;"2416/1";"R2";"Staòková V.";"NPÚ Praha";"2010";"B";0;"vs.2";;;;;;"R2 - hranice chodníku a parku, naproti èp. 292, Karlovo nám., k. ú. Nové mìsto.";"B"
"P1/PRAHA - NO/2010/137";3;0;;"2416/1";"R3";"Staòková V.";"NPÚ Praha";"2010";"B";0;"vs.2";;;;;;"R3 - hranice chodníku a parku, naproti èp. 287, Karlovo nám., k. ú. Nové mìsto.";"B"
"P1/PRAHA - NO/2010/137";4;0;;"2501";"R4 + R5";"Staòková V.";"NPÚ Praha";"2010";"L";0;"vstred";;;;;;"R4 + R5 - pøed èp. 547, Jeèná, k. ú. Nové mìsto.";"B"
"P1/PRAHA - NO/2010/137";5;0;;"2392";"R6";"Staòková V.";"NPÚ Praha";"2010";"B";0;"vs.2";;;;;;"R6 - pøed èp. 547, Opatovická, k. ú. Nové mìsto.";"B"
"P1/PRAHA - NO/2010/137";6;0;;"2395";"R7";"Staòková V.";"NPÚ Praha";"2010";"L";0;"vs.2";;;;;;"R7 - pøed èp. 125, Ostrovní, k. ú. Nové mìsto.";"B"
"P1/PRAHA - NO/2010/137";7;0;;"2395";"R8";"Staòková V.";"NPÚ Praha";"2010";"L";0;"vstred";;;;;;"R8 - pøed èp. 131, Ostrovní, k. ú. Nové mìsto.";"B"
"P1/PRAHA - NO/2010/291";1;0;;"2406";"s.01";"Cymbalak T.";"NPÚ Praha";"2010";"B";0;"vs.1";"no.1";"no.2";;;;"Myslíkova, Praha 1+2.";"B"
"P1/PRAHA - NO/2010/291";2;0;;"2406";"s.02";"Cymbalak T.";"NPÚ Praha";"2010";"P";0;"stredo";"novove";;;;;"Myslíkova, Praha 1+2.";"B"
"P1/PRAHA - NO/2010/291";3;0;;"2406";"s.03";"Cymbalak T.";"NPÚ Praha";"2010";"P";0;"rstred";"vstred";"novove";;;;"Myslíkova, Praha 1+2.";"B"
"P1/PRAHA - NO/2010/291";4;0;;"2406";"s.04";"Cymbalak T.";"NPÚ Praha";"2010";"P";0;"vs-no";;;;;;"Myslíkova, Praha 1+2.
(dokumentováno pouze koruny zdí)";"B"
"P1/PRAHA - NO/2010/291";5;0;;"2406";"s.05";"Cymbalak T.";"NPÚ Praha";"2010";"P";0;;;;;;;"Myslíkova, Praha 1+2.
(dokumentováno pouze korunu zdi)";"B"
"P1/PRAHA - NO/2010/291";6;0;;"2406";"s.06";"Cymbalak T.";"NPÚ Praha";"2010";"L";0;"novove";;;;;;"Myslíkova - p.è.2406 + Spálená - p.è.2387, Praha 2.
(dokumentováno pouze korunu zdi)";"B"
"P1/PRAHA - NO/2010/291";7;0;;"2406";"s.07";"Cymbalak T.";"NPÚ Praha";"2010";"P";0;"-";;;;;;"Myslíkova, p.è. 2406, Praha 1. (negativní)";"B"
"P1/PRAHA - NO/2010/291";8;0;;"2387";"s.08";"Cymbalak T.";"NPÚ Praha";"2010";"P";0;;;;;;;"Spálená, p.è. 2387, Praha 2.";"B"
"P1/PRAHA - NO/2010/291";9;0;;"2387";"s.09";"Cymbalak T.";"NPÚ Praha";"2010";"P";0;;;;;;;"Spálená, p.è. 2387, Praha 1+2.";"B"
"P1/PRAHA - NO/2010/291";10;0;;"2387";"s.10";"Cymbalak T.";"NPÚ Praha";"2010";"P";0;;;;;;;"Spálená, p.è.2387, Praha 1+2.";"B"
"P1/PRAHA - NO/2010/291";11;0;;"2387";"s.11";"Cymbalak T.";"NPÚ Praha";"2010";"L";0;"novove";"-";;;;;"Spálená - p.è.2387, Praha 1+2.
(negativní)";"B"
"P1/PRAHA - NO/2010/337";0;0;"179/II";"880";;"Selmi Wallisová M.";"ÈSA, o.p.s.";"2010";"P";0;"-";;;;;;"Sniování dvora o 50 cm, pouze zahradní naváky, podloí nenalezeno.";"B"
"P1/PRAHA - NO/2010/365";1;0;;"725/1";"plocha A";"Cymbalak T.";"NPÚ Praha";"2010";"P";1;"rs/vs";"vs.1";"vs.2";"vs/no";"no.1";"no.2";;"B"
"P1/PRAHA - NO/2010/365";2;0;;"725/1";"plocha B";"Cymbalak T.";"NPÚ Praha";"2010";"P";0;"rs/vs";"vs.1";"vs.2";"vs/no";"no.1";"no.2";;"B"
"P1/PRAHA - NO/2010/365";3;0;;"725/1";"plocha C";"Cymbalak T.";"NPÚ Praha";"2010";"P";0;"rs/vs";"vs.1";"vs.2";"vs/no";"no.1";"no.2";;"B"
"P1/PRAHA - NO/2010/365";4;0;;"725/1";"plocha D";"Cymbalak T.";"NPÚ Praha";"2010";"P";0;"vs.1";"vs.2";"vs/no";"no.1";"no.2";;;"B"
"P1/PRAHA - NO/2010/365";5;0;;"725/1";"plocha E";"Cymbalak T.";"NPÚ Praha";"2010";"P";0;"vs.2";"vs/no";"no.1";"no.2";;;"Purkyòova / p.è.2384/1, 2384/2 /+ p.è.725/1.";"B"
"P1/PRAHA - NO/2010/365";6;0;;"2383/1";"bod F";"Cymbalak T.";"NPÚ Praha";"2010";"B";0;"stredo";"novove";;;;;"Vladislavova, p.è. 2383/1.";"B"
"P1/PRAHA - NO/2010/365";7;0;;"2383/1";"plocha G";"Cymbalak T.";"NPÚ Praha";"2010";"P";0;"vs-no";;;;;;"Vladislavova, p.è. 2383/1.";"B"
"P1/PRAHA - NO/2010/365";8;0;;"2383/1";"plocha H";"Cymbalak T.";"NPÚ Praha";"2010";"P";0;"vs-no";;;;;;"Vladislavova, p.è. 2383/1.";"B"
"P1/PRAHA - NO/2010/452";1;0;;"1126";"Kanalizaèní šachta 1";"Starec P.";"MM Praha";"2010";"P";0;"rs.4";"vs.1";"vs.2";"novove";;;;"B"
"P1/PRAHA - NO/2010/812";1;0;"767";"606";"Sektor 1-4";"Starec P.";"MM Praha";"2010";"P";0;"stredo";"no.1";"no.2";;;;"První a druhı suterén objektu.";"B"
"P1/PRAHA - NO/2010/815";0;0;;"2398/1";"1";"Selmi Wallisová M.";"ÈSA, o.p.s";"2010";"B";0;"no.2";;;;;;"Podloí sníeno ji v minulosti, vıkop zasáhl pouze naváky su. charakteru s pøevahou cihlové drti";"B"
"P1/PRAHA - NO/2010/832";1;0;;"2384/1";"S 1";"Cymbalak T.";"NPÚ Praha";"2010";"L";0;"vs.1";"vs.2";"novove";;;;;"B"
"P1/PRAHA - NO/2010/986";1;0;;"2537/";"Sonda 1";"Starec P.";"MM Praha";"2010";"P";0;"no.2";;;;;;"Ppè. 2537/115.";"B"
"P1/PRAHA - NO/2010/986";2;0;;"2537/";"Sonda 2";"Starec P.";"MM Praha";"2010";"B";0;"no.2";;;;;;"Ppè. 2537/115.";"B"
"P1/PRAHA - NO/2010/986";3;0;;"2537/";"Sonda 3";"Starec P.";"MM Praha";"2010";"B";0;"no.2";;;;;;"Ppè. 2537/115.";"B"
"P1/PRAHA - NO/2010/986";4;0;;"2537/";"Sonda 4";"Starec P.";"MM Praha";"2010";"B";0;"no.2";;;;;;"Ppè. 2537/115.";"B"
"P1/PRAHA - NO/2010/986";5;0;;"2537/";"Sonda 5";"Starec P.";"MM Praha";"2010";"B";0;"no.2";;;;;;"Ppè. 2537/115.";"B"
"P1/PRAHA - NO/2010/986";6;0;;"2537/";"Sonda 6";"Starec P.";"MM Praha";"2010";"B";0;"no.2";;;;;;"Ppè. 2537/115.";"B"
"P1/PRAHA - NO/2010/986";7;0;;"2537/";"Sonda 7";"Starec P.";"MM Praha";"2010";"B";0;"no.2";;;;;;"Ppè. 2537/115.";"B"
"P1/PRAHA - NO/2010/986";8;0;;"2537/";"Sonda 8";"Starec P.";"MM Praha";"2010";"B";0;"no.2";;;;;;"Ppè. 2537/115.";"B"
"P1/PRAHA - NO/2010/986";9;0;;"2537/";"Sonda 9";"Starec P.";"MM Praha";"2010";"O";1;"rstred";;;;;;"Ppè. 2537/115. Další místo nálezù lidskıch kostí (sonda 10): v okolí bodu 741585,00/1043182,00/194,30. Datování do rstred nejisté.";"B"
"P1/PRAHA - NO/2011/254";0;0;;"2394";"1";"Selmi Wallisová";"ÈSA";"2011";"L";1;"vs.1";"novove";;;;;"Ve vıkopu pro vodovod nebylo dosaeno podloí, povrch a dno vıkopu je témìø konstantní, proto vyplnìn jen první bod, sídl. vrstvy Opatovice mezi 193,3 a 194,1, barokní høbitovní horizont od 194,6 obojí a pod dno vıkopu.";"B"
"P1/PRAHA - NO/2011/463";1;0;"841";"581";"Plocha Diamant";"Starec P.";"MM Praha";"2011";"P";0;"vs.2";"no.1";;;;;;"B"
"P1/PRAHA - NO/2011/575";1;0;"1308";"555";"V1";"Starec P.";"MM Praha";"2011";"P";0;"-";;;;;;;"B"
"P1/PRAHA - NO/2011/575";2;0;"1308";"555";"V2";"Starec P.";"MM Praha";"2011";"P";0;"-";"vs.2";"no.1";;;;;"B"
"P1/PRAHA - NO/2011/579";1;0;;"2400";"øez 1";"Cymbalak T.";"NPÚ Praha";"2011";"B";0;"no.2";;;;;;"Severní, západní a jiní stìna vıkopu byla v celém rozsahu tvoøena recentním zásypem plynovodu. Vıchodní profil pøedstavoval západní líc opukové terasní zdi vztahující se k vıstavbì Františkova nábø. A Øetìzového mostu císaøe Františka I. (1839-41).";"B"
"P1/PRAHA - NO/2011/579";2;0;;"2400";"Sonda 1";"Cymbalak T.";"NPÚ Praha";"2011";"P";0;"no.2";;;;;;"Dokumentovaná situace obsahující novovìké stavební konstrukce (Z01, Z02, Z03) a svrchní èást nájezdové rampy k øetìzovému mostu císaøe Františka I. (pol. 19. století) a i snad souvrství pùvodní komunikace Nábøeí císaøe Františka I, byla vıraznì ponièena recentními vıkopy (in. Sítì). Vzhledem k hloubce vıkopu (-2,6 m od povrchu souèasné komunikace 189,70 m Bpv.), povrch geologického podloí nebyl zjištìn.";"B"
"P1/PRAHA - NO/2011/579";3;0;;"2400";"Sonda 2";"Cymbalak T.";"NPÚ Praha";"2011";"P";0;"no.2";;;;;;"V rámci cca 5,5 m hlubokého vıkopu byla dokumentovaná jeho jiní stìna (øez R03 - úsek mezí souè. nábøení zdi Vltavy a zákl. vıkopem pro obvodové zdivo Prozatímního divadla). Celková délka dokumentovaného terénního profilu èinila 15,21 m, v jeho svrchní èásti byly uloeny èetné inenırské sítì smìøující ze severu na jih, kresebná dokumentace profilu byla realizovaná od jejich spodních úrovní (cca 187,50 m Bpv). K vıraznìjším situacím v této sondì patøi pùvodní nábøení zeï Františkova nábø. (Z05 - vystavìna ve 40. letech 19. stol. z oprac. ulovıch kvádrù cca 120x50x40 cm). Celk. šíøka staré nábø. zdi èinila 1 m a její max. dochovaná vıška dosahovala 4,4 m. Konstr. byla orientovaná rovnobìnì se souèasnou nábøení zdi v S-J smìru a od obvodové zdi Nár. divadla byla vzdálena cca 10,6 m. Cca 0,8 m vıchodnì od Z05 dokumentováno ještì jednou zeï (Z06 - lomová opuka a cihly pojené svìtle šedou maltou; min. šíøka cca 0,6 m; pravdìpodobnì spodní èást pùv. nábø. zdi (Z05), nebo ohradní zeï bıv. èp. 224.";"B"
"P1/PRAHA - NO/2012/401";1;0;;"2373";"Kanalizaèní šachta";"Starec P.";"MM Praha";"2012";"P";0;"vs.1";"vs.2";;;;;;"B"
"P1/PRAHA - NO/2012/422";1;0;;"2377/1";"Kanalizaèní šachta";"Starec P.";"MM Praha";"2012";"P";0;"vs.1";"vs.2";"novove";;;;;"B"
"P1/PRAHA - NO/2012/717";1;0;"131";"848";;"Cymbalak T.";"NPÚ Praha";"2012";"P";0;"rs/vs";"vs/no";"vstred";"novove";;;"Na celé ploše domovní parcely intaktní historické terény (ranı støedovìk a souèasnost; zahloubené objekty, pyrotechnologické zaøízení, roubením doplnìná zdìná stavba, zdìné konstrukce. Mocnost terénù cca 2 m.";"B"
"P1/PRAHA - NO/2012/738";1;0;;"725/1";"plocha 700";"Cymbalak T.";"NPÚ Praha";"2012";"P";0;"rs/vs";"vs.1";"vs.2";"no.1";"no.2";;;"B"
"P1/PRAHA - NO/2012/738";2;0;;"725/1";"plocha 800";"Cymbalak T.";"NPÚ Praha";"2012";"P";0;"novove";"no.2";;;;;;"B"
"P1/PRAHA - NO/2012/738";3;0;;"725/1";"øez R098 (sonda 368)";"Cymbalak T.";"NPÚ Praha";"2012";"B";0;"no.1";;;;;;"Odpadní jímka ètvercového tvaru.";"B"
"P1/PRAHA - NO/2012/738";4;0;;"725/1";"øez 222, 223, 224";"Cymbalak T.";"NPÚ Praha";"2012";"L";1;"rs/vs";"vstred";"novove";;;;;"B"
"P1/PRAHA - NO/2012/827";1;0;"751";"662";"S01";"Flek F.";"NPÚ Praha";"2012";"P";1;"novove";;;;;;"Hrobka s uloením ostatkù 14 muèedníkù.";"B"
"P1/PRAHA - NO/2012/827";2;0;"751";"662";"S02";"Podliska J.";"NPÚ Praha";"2012";"P";1;"novove";;;;;;"Základ pro nové varhany.";"B"
"P1/PRAHA - NO/2012/827";3;0;"751";"662";"S03";"Podliska J.";"NPÚ Praha";"2012";"P";1;"novove";;;;;;"Úprava podlahy (dokumentace 3 neznámıch náhrobníkù z 1. pol. 17. stol.).";"B"
"P1/PRAHA - NO/2013/675";1;0;;;"vıchodní a jiní";"Selmi Wallisová";;"2013";"P";0;"vstred";;;;;;"P.p.è. 858, 859/1.";"B"
"P1/PRAHA - NO/2013/729";1;0;;"2384";"Sonda I";"Staòková V.";"NPÚ Praha";"2013";"P";1;"rs.3";"rs.4";"vs.1";"vs.2";"novove";;"Kanalizaèní šachta.";"B"
"P1/PRAHA - NO/2013/729";2;0;;"2384";"Sonda II";"Staòková V.";"NPÚ Praha";"2013";"P";0;"rs.3";"no.2";;;;;"Pøeloení kanalizaèní šachty.";"B"
"P1/PRAHA - NO/2013/920";1;0;;"2384";"Sonda I";"Staòková V.";"NPÚ Praha";"2013";"P";0;"vs.2";"no.2";;;;;"Vodovod.";"B"
"P1/PRAHA - NO/2013/920";2;0;;"2384";"Sonda II";"Staòková V.";"NPÚ Praha";"2013";"P";1;"rs/vs";"vs.2";;;;;"Kanalizaèní šachta.";"B"
"P1/PRAHA - ST/2010/149";1;0;"190";"81";"sonda V";"Havrda J.";"NPÚ Praha";"2010";"P";0;"vs-no";;;;;;;"B"
"P1/PRAHA - ST/2010/187";1;0;;"121";"R01";"Havrda J.";"NPÚ Praha";"2010";"L";0;"st-no";;;;;;"Maiselova ul. Vıkop pøed è.p. 41/V hlubokı 1,8 m. Od hloubky 1,4 m souvrství patrnì vrcholnì støedovìkého stáøí.";"B"
"P1/PRAHA - ST/2010/187";2;0;;"121";"R02";"Havrda J.";"NPÚ Praha";"2010";"L";0;"vstred";;;;;;"Vıkop na køiovatce Maiselovy a Èervené ulice hlubokı 2 m. Od hloubky 1,4 m (187,12 m) souvrství  vrcholnì støedovìkého stáøí (keramika 2.pol. 13. - 14. stol.). Spodní partie dokumentované tvoøí patrnì vıplò objektu, nelze však i vylouèit, e se jedná o pøírodní depresi zaplnìnou a ve  støedovìku. Stejná vıplò pokraèovala a na niveletu 185,24 m (ovìøeno ruèním vrtákem).";"B"
"P1/PRAHA - ST/2010/187";3;0;;"125";"R03";"Havrda J.";"NPÚ Praha";"2010";"B";0;"novove";"vstred";;;;;"Vıkop u sz rohu Staronové synagógy. V hloubce 0,7 m dokumentována  dlaba z køemencù v písèitém loi. Ta pøekryla objekt s keramikou 12. - 13. stol.Vrtákem ovìøena stejná vıplò a po niveletu 185,85 m.";"B"
"P1/PRAHA - ST/2010/187";4;0;;"1051";"R04";"Havrda J.";"NPÚ Praha";"2010";"L";0;"st-no";;;;;;"Salvátorská, pøed è.p. 925/I. Dokumentován øez v liniovém vıkopu. V hloubce 1 m zaznamenána valounová dlaba. Jedna z odkrytıch zdìnıch konstrukcí mìla rozhraní zákl. a nadzemního zdiva v hloubce 1,5m.";"B"
"P1/PRAHA - ST/2010/187";5;0;;"1051";"R05";"Havrda J.";"NPÚ Praha";"2010";"L";0;"no.1";;;;;;"Salvátorská, jinì od è.p. 925/I. Dokumentován øez v liniovém vıkopu. V hloubce 0,4  a 0,7 m zaznamenány dlaby. Nad i pod nimi vrstvy suti.";"B"
"P1/PRAHA - ST/2010/187";6;0;;"1051";"R06";"Havrda J.";"NPÚ Praha";"2010";"B";0;"st-no";;;;;;"Salvátorská, jinì pøed è.p. 927/I. Dokumentován øez v liniovém vıkopu. V hloubce 0,9 m zaznamenána dlaba.";"B"
"P1/PRAHA - ST/2010/187";7;0;;"1040";"R07";"Havrda J.";"NPÚ Praha";"2010";"L";0;"vs.2";;;;;;"Bílkova, pøed è.p. 854/I. Pod recentními navákami se nalézalo od hloubky 1 m (v intervalu 186,8-185,7 m) vrcholnì støedovìké souvrství s keramikou od 2. pol. 13. do 15. století.";"B"
"P1/PRAHA - ST/2010/187";8;0;;"1035";"R08";"Havrda J.";"NPÚ Praha";"2010";"L";0;"rs.4";"vs.1";"st-no";;;;"Kozí ul., pøi køiovatce s Bílkovou ulicí. V hloubce 1,95 m zaznamenán povrch písèitého podloí, na kterém leela jednonásobná valounová dlaba. Ta byla pøekryta sídlištním souvrstvím datovanım keramikou 12. - 1. pol. 13. stol. Na tomto souvrství byla poloena nevırazná dlaba. Mladší partii stratigrafie tvoøily novovìké naváky a relikty pøedasanaèních zdìnıch konstrukcí.";"B"
"P1/PRAHA - ST/2010/187";9;0;;"1093";"R09";"Havrda J.";"NPÚ Praha";"2010";"L";0;"vs.2";;;;;;"Nám. France Kafky, pøed è.p. 24 (u vyústìní Maiselovy ulice) Ve stìnì vıkopu dokumentována obvodová zeï pøedasanaèního domu è.p. 16. Doloeno bylo armované nároí  portálu domu. Rozhranní nadzemního a základového zdiva  zjištìno ve vıšce•188,75 m, tj. 1,6 m pod dnešním povrchem.";"B"
"P1/PRAHA - ST/2010/187";10;0;;"1045/1";"R10";"Havrda J.";"NPÚ Praha";"2010";"L";0;"vs-no";;;;;;"Dušní pøed èp. 789/I a 791/I. Dokumentován øez v liniovém vıkopu. V hloubce 1,9 m zaznamenána valounová dlaba, která pøiléhá ke starším zdìnım konstrukcím v kterıch se uplatnily kvádry pískovce.";"B"
"P1/PRAHA - ST/2010/205";1;0;;"623";"S1";"Podliska J.";"NPÚ Praha";"2010";"B";1;"vs/no";"no.1";"no.2";;;;;"B"
"P1/PRAHA - ST/2010/221";1;0;;"172";"S1";"Podliska J.";"NPÚ Praha";"2010";"P";0;"no.2";;;;;;;"B"
"P1/PRAHA - ST/2010/258";1;0;;"869";"S1";"Podliska J.";"NPÚ Praha";"2010";"P";0;"vstred";"novove";;;;;"body 3 a 8 mají stejné parametry jako bod 1";"B"
"P1/PRAHA - ST/2010/305";1;0;;"1105";"sonda Y";"Havrda J.";"NPÚ Praha";"2010";"B";0;"vs.1";"vs.2";"no.1";"no.2";;;"sníené podloí zachyceno ruèním geologickım vrtákem na niveletì 185,50";"B"
"P1/PRAHA - ST/2010/305";2;0;;"1105";"sonda Y (štola)";"Havrda J.";"NPÚ Praha";"2010";"L";0;;;;;;;"raená štola, strop štoly na niveletì 188,26 (úroveò 189,25 a 188,26 nezkoumána), negativní , zásypy in.";"B"
"P1/PRAHA - ST/2010/324";1;0;"443/I";"376";"S 01";"Cymbalak T.";"NPÚ Praha";"2010";"B";0;"rs/vs";"vs.1";"no.1";"no.2";;;;"B"
"P1/PRAHA - ST/2010/337";1;0;"190";"81";"sonda W";"Havrda J.";"NPÚ Praha";"2010";"P";0;"rs.4";"vs.1";"vs.2";"novove";;;;"B"
"P1/PRAHA - ST/2010/341";1;0;;"1103";"sonda 3";"Havrda J.";"NPÚ Praha";"2010";"B";0;"novove";;;;;;;"B"
"P1/PRAHA - ST/2010/345";1;0;;"997/6";"sonda 2";"Havrda J.";"NPÚ Praha";"2010";"P";0;"novove";"vs/no";;;;;;"B"
"P1/PRAHA - ST/2010/385";1;0;;"1105";"sonda Z";"Havrda J.";"NPÚ Praha";"2010";"B";0;"rs.4";"vstred";"novove";;;;"šachta";"B"
"P1/PRAHA - ST/2010/385";2;0;;"1105";"sonda Z (štola)";"Havrda J.";"NPÚ Praha";"2010";"L";1;;;;;;;"raená štola, strop štoly na niveletì 187,16 (úroveò 188,84 a 187,16 nezkoumána)";"B"
"P1/PRAHA - ST/2010/442";1;0;"721";"703";"S01";"Havrda J.";"NPÚ Praha";"2010";"P";0;"novove";;;;;;;"B"
"P1/PRAHA - ST/2010/512";1;0;"757";"857";"sklep";"Havrda J.";"NPÚ Praha";"2010";"P";0;"novove";;;;;;"hloubka vıkopù 0,6 m , pouze recentní násypy";"B"
"P1/PRAHA - ST/2010/512";2;0;"757";"857";"dvùr";"Havrda J.";"NPÚ Praha";"2010";"P";0;"novove";;;;;;;"B"
"P1/PRAHA - ST/2010/512";3;0;"757";"862/1";"rıha";"Havrda J.";"NPÚ Praha";"2010";"L";0;"novove";;;;;;;"B"
"P1/PRAHA - ST/2010/519";1;0;;"1104";"sonda X";"Havrda J.";"NPÚ Praha";"2010";"B";0;"novove";"vstred";;;;;;"B"
"P1/PRAHA - ST/2010/519";2;0;;"1104";"sonda X - štola";"Havrda J.";"NPÚ Praha";"2010";"L";0;"rstred";;"novove";;;;"raená štola, strop štoly na niveletì 187,67 (úroveò 189,52 a 187,67 nezkoumána)";"B"
"P1/PRAHA - ST/2010/572";1;0;"190";"81";"sonda T";"Havrda J.";"NPÚ Praha";"2010";"B";0;"rs.4";"vs.1";"vstred";"novove";;;;"B"
"P1/PRAHA - ST/2010/572";2;0;"190";"81";"sonda T (rıha)";"Havrda J.";"NPÚ Praha";"2010";"L";0;"vstred";;;;;;;"B"
"P1/PRAHA - ST/2010/616";1;0;"1";"1/4";"S02";"Havrda J.";"NPÚ Praha";"2010";"B";0;;;;;;;;"B"
"P1/PRAHA - ST/2010/707";1;0;"1040";"80";"sonda 4";"Havrda J.";"NPÚ Praha";"2010";"L";0;"vs-no";;;;;;;"B"
"P1/PRAHA - ST/2010/718";1;0;"190";"81";"sonda U";"Havrda J.";"NPÚ Praha";"2010";"B";0;"novove";;;;;;;"B"
"P1/PRAHA - ST/2010/799";1;0;"190";"81";"sondy A-R";"Havrda J.";"NPÚ Praha";"2010";"P";0;"rs.4";"vstred";"no.1";;;;"Vıška pùvodního povrchu terénu se zde pøed intenzivním ranì støedovìkım osídlením na základì sond v okolí, pohybovala okolo kóty 186,2 m";"B"
"P1/PRAHA - ST/2010/908";1;0;"1040";"80";"sonda S";"Havrda J.";"NPÚ Praha";"2010";"P";0;"rstred";"vstred";;;;;;"B"
"P1/PRAHA - ST/2010/926";1;0;"1";"1/4";"S01";"Havrda J.";"NPÚ Praha";"2010";"B";0;"novove";;;;;;;"B"
"P1/PRAHA - ST/2010/959";1;0;;"1111";"s.XIII";;"NPÚ Praha";"2010";"B";0;;;;;;;;"B"
"P1/PRAHA - ST/2010/959";2;0;;"1110";"s.XIV";;"NPÚ Praha";"2010";"L";0;;;;;;;;"B"
"P1/PRAHA - ST/2010/959";3;0;;"1110";"s.XV";;"NPÚ Praha";"2010";"L";0;;;;;;;;"B"
"P1/PRAHA - ST/2010/959";4;0;;"1111";"s.XVI";;"NPÚ Praha";"2010";"P";0;;;;;;;"Povrch sníenı.";"B"
"P1/PRAHA - ST/2010/959";5;0;;"1111";"s.XVII";;"NPÚ Praha";"2010";"P";0;;;;;;;;"B"
"P1/PRAHA - ST/2010/959";6;0;;"1111";"s.XVIII";;"NPÚ Praha";"2010";"B";0;;;;;;;;"B"
"P1/PRAHA - ST/2010/959";7;0;;"1110";"s.VIII/03,04,07,08";"Podliska J.";"NPÚ Praha";"2010";"P";0;;"vstred";"novove";;;;"dodìlávka èásti rozsáhlé sondy VIII z roku 2009";"B"
"P1/PRAHA - ST/2010/973";1;0;;"1103";"sonda 1";"Havrda J.";"NPÚ Praha";"2010";"L";0;"novove";;;;;;;"B"
"P1/PRAHA - ST/2011/166";1;0;"886";"981";"dvùr";"Staòková V.";"NPÚ Praha";"2011";"P";0;"vstred";"novove";;;;;;"B"
"P1/PRAHA - ST/2011/166";2;0;"886";"981";"sklep";"Staòková V.";"NPÚ Praha";"2011";"P";0;"novove";;;;;;;"B"
"P1/PRAHA - ST/2011/276";1;0;"449";"398";"S01";"Podliska J.";"NPÚ Praha";"2011";"B";0;"no.1";;;;;;"Sonda v zadním traktu domu.";"B"
"P1/PRAHA - ST/2011/276";2;0;"449";"398";"S02";"Podliska J.";"NPÚ Praha";"2011";"L";0;"stredo";"novove";;;;;"Nepravidelnı prùbìh liniového vıkopu pro inenırské sítì ve dvoøe a prùjezdu domu.";"B"
"P1/PRAHA - ST/2011/287";1;0;"647";"601";"-2.04";"Podliska J.";"NPÚ Praha";"2011";"P";0;"st-no";;;;;;"Zdìnná konstrukce a valounová dlaba.";"B"
"P1/PRAHA - ST/2011/326";1;0;"189";"143";"S01";"Prokopová A.";"NPÚ Praha";"2011";"O";0;"vs.1";"vs.2";"no.1";"no.2";;;"Sonda S01.";"B"
"P1/PRAHA - ST/2011/326";2;0;"189";"143";"S02";"Prokopová A.";"NPÚ Praha";"2011";"O";0;"vs.1";"no.2";;;;;"Sonda S02.";"B"
"P1/PRAHA - ST/2011/326";3;0;"189";"143";"S03";"Prokopová A.";"NPÚ Praha";"2011";"O";0;"vs.1";"no.1";;;;;"Sonda S03.";"B"
"P1/PRAHA - ST/2011/326";4;0;"189";"143";"S04";"Prokopová A.";"NPÚ Praha";"2011";"B";0;"vs.1";"no.1";;;;;"Sonda S04.";"B"
"P1/PRAHA - ST/2011/326";5;0;"189";"143";"S05";"Prokopová A.";"NPÚ Praha";"2011";"O";0;"vstred";"novove";;;;;"Sonda S05, situována za jiní pøíèkou suterénních prostor pod vıchodním køídlem paláce.";"B"
"P1/PRAHA - ST/2011/426";1;0;;"1111";"XX";"Podliska J.";"NPÚ Praha";"2011";"P";0;"vs.2";"no.2";;;;;;"B"
"P1/PRAHA - ST/2011/426";2;0;;"1111";"XIX";"Podliska J.";"NPÚ Praha";"2011";"P";0;"no.2";;;;;;;"B"
"P1/PRAHA - ST/2011/427";1;0;;"1104";"Sonda 1";"Havrda J.";"NPÚ Praha";"2011";"B";0;"rs.4";"vs.1";"vs.2";"novove";;;"Ze sondy raen tunel smìrem k severu.";"B"
"P1/PRAHA - ST/2011/467";1;0;"1040";"80";"Sonda 9";"Havrda J.";"NPÚ Praha";"2011";"B";1;"rs.4";"vstred";"no.1";;;;"Sonda v západní èásti Studentského nádvoøí Klementina.";"B"
"P1/PRAHA - ST/2011/473";1;0;;"72";"plocha zahrnuje sondy S01 a S07";"Podliska J.";"NPÚ Praha";"2011";"P";0;"rs/vs";"vs.1";"novove";;;;;"B"
"P1/PRAHA - ST/2011/513";1;0;;"1090";"R22";"Havrda J.";"NPÚ Praha";"2011";"B";0;;;;;;;"Vıkop v severozápadním rohu Staromìstského námìstí.";"B"
"P1/PRAHA - ST/2011/526";1;0;;"1049";"R15";"Havrda J.";"NPÚ Praha";"2011";"L";0;"st-no";"no.2";;;;;"Øez pøed èp. 119.";"B"
"P1/PRAHA - ST/2011/526";2;0;;"1049";"R16";"Havrda J.";"NPÚ Praha";"2011";"L";0;"st-no";"no.2";;;;;"Øez na køiovatce ulic Paøíské a Široké.";"B"
"P1/PRAHA - ST/2011/530";1;0;;"72";"plocha zahrnující sondy S01 a S07";"Podliska J.";"NPÚ Praha";"2011";"P";0;"rs/vs";"vs.1";"novove";;;;;"B"
"P1/PRAHA - ST/2011/544";1;0;"1040";"80";"Sonda 7";"Havrda J.";"NPÚ Praha";"2011";"B";0;"no.1";"vs.2";;;;;"Sonda v suterénu západního køídla Klementina.";"B"
"P1/PRAHA - ST/2011/591";1;0;;"1042";"øezy 1 a 7";"Havrda J.";"NPÚ Praha";"2011";"L";0;"novove";"stredo";;;;;"Budování drenáe pro odvlhèení jiní a vıchodní obvodové zdi kostela sv. Ducha.";"B"
"P1/PRAHA - ST/2011/678";1;0;;"1106";"R1";"Havrda J.";"NPÚ Praha";"2011";"L";0;"novove";"stredo";;;;;"Øez byl situován pøed domem èp. 175. Max. povrch podloí: 187,43 m.";"B"
"P1/PRAHA - ST/2011/678";2;0;;"1106";"R2";"Havrda J.";"NPÚ Praha";"2011";"L";0;"novove";"stredo";;;;;"Øez pøed domem èp. 177.";"B"
"P1/PRAHA - ST/2011/797";1;0;;"1100";"sonda 2";"Havrda J.";"NPÚ Praha";"2011";"B";0;"novove";"vs.2";"vs.1";"rs.4";;;;"B"
"P1/PRAHA - ST/2011/797";2;0;;"1100";"sonda 3";"Havrda J.";"NPÚ Praha";"2011";"B";0;"rs.4";"vs.1";"vs.2";"novove";;;;"B"
"P1/PRAHA - ST/2011/797";3;0;;"1100";"sonda 4";"Havrda J.";"NPÚ Praha";"2011";"B";1;"novove";"vs.2";"vs.1";"rs.4";;;;"B"
"P1/PRAHA - ST/2011/797";4;0;;"1100";"sonda 5";"Havrda J.";"NPÚ Praha";"2011";"B";0;"novove";"vs.1";"vs.2";"rs.4";;;;"B"
"P1/PRAHA - ST/2011/799";1;0;;"1085";"R1";"Staòková V.";"NPÚ Praha";"2011";"L";0;"novove";"vstred";;;;;"Havelská pøed èp. 510.";"B"
"P1/PRAHA - ST/2011/799";2;0;;"1122";"R2";"Staòková V.";"NPÚ Praha";"2011";"B";0;"vs-no";;;;;;"Havelská/Uhelnı trh pøed èp. 512.";"B"
"P1/PRAHA - ST/2011/799";3;0;;"1085";"R3";"Staòková V.";"NPÚ Praha";"2011";"B";0;"vs-no";;;;;;"Havelská pøed èp. 502.";"B"
"P1/PRAHA - ST/2011/799";4;0;;"1122";"R4";"Staòková V.";"NPÚ Praha";"2011";"B";0;"vs-no";;;;;;"Uhelnı trh pøed èp. 424.";"B"
"P1/PRAHA - ST/2011/799";5;0;;"1120";"R5";"Staòková V.";"NPÚ Praha";"2011";"B";0;"novove";;;;;;"Michalská, prùjezd domem èp. 971 a èp. 653.";"B"
"P1/PRAHA - ST/2011/799";6;0;;"1107";"R6";"Staòková V.";"NPÚ Praha";"2011";"L";0;"novove";"vstred";;;;;"Husova pøed èp. 351.";"B"
"P1/PRAHA - ST/2011/799";7;0;;"1107";"R7, R8, R9";"Staòková V.";"NPÚ Praha";"2011";"L";0;"novove";"vs.2";"vs.1";;;;"Husova pøed kostelem sv. Jiljí.";"B"
"P1/PRAHA - ST/2011/799";8;0;;"1129";"R10, R11";"Staòková V.";"NPÚ Praha";"2011";"L";0;"novove";"vstred";;;;;"Na Perštınì pøed èp. 350.";"B"
"P1/PRAHA - ST/2011/799";9;0;;"1129";"R12";"Staòková V.";"NPÚ Praha";"2011";"B";0;"novove";"vstred";;;;;"Na Perštınì pøed èp. 359.";"B"
"P1/PRAHA - ST/2011/799";10;0;;"1129";"R13";"Staòková V.";"NPÚ Praha";"2011";"B";0;"novove";"vs.2";"vs.1";;;;"Na Perštınì pøed èp. 357/358.";"B"
"P1/PRAHA - ST/2011/799";11;0;;"1122";"R14";"Staòková V.";"NPÚ Praha";"2011";"L";0;"novove";"vs.2";;;;;"Uhelnı trh pøed èp. 526.";"B"
"P1/PRAHA - ST/2011/799";12;0;;"1123";"R15";"Staòková V.";"NPÚ Praha";"2011";"B";0;"vs-no";;;;;;"Skoøepka pøed èp. 423.";"B"
"P1/PRAHA - ST/2011/799";13;0;;;"R16";"Staòková V.";"NPÚ Praha";"2011";"L";0;"novove";"vs.1";;;;;"Na Perštınì pøed èp. 360.";"B"
"P1/PRAHA - ST/2011/799";14;0;;"1128";"R17";"Staòková V.";"NPÚ Praha";"2011";"B";0;"vs-no";;;;;;"Martinská pøed èp. 420.";"B"
"P1/PRAHA - ST/2011/804";1;0;;"989";"R1";"Havrda J.";"NPÚ Praha";"2011";"B";0;"novove";;;;;;;"B"
"P1/PRAHA - ST/2011/919";1;0;;"1105";"R3";"Havrda J.";"NPÚ Praha";"2011";"L";0;"novove";;;;;;"Øezy u severozápadního nároí domu èp. 159.";"B"
"P1/PRAHA - ST/2011/919";2;0;;"1105";"R4";"Havrda J.";"NPÚ Praha";;"L";0;"novove";;;;;;"Øez pøed severní obvodovou zdí domu èp. 159.";"B"
"P1/PRAHA - ST/2011/919";3;0;;"1105";"R5";"Havrda J.";"NPÚ Praha";"2011";"L";0;"vs.1";"vs.2";"novove";;;;"Øez pøed severní obvodovou zdí domu èp. 159.";"B"
"P1/PRAHA - ST/2011/929";1;0;;"1110";"Sonda 6";"Havrda J.";"NPÚ Praha";"2011";"B";0;"novove";"vs.2";"vs.1";"rs.4";;;"Øez v severní èásti Køiovnického námìstí pøed vstupem do Klementina (èp. 1040).";"B"
"P1/PRAHA - ST/2011/970";1;0;"449";"398";"S01";"Podliska J.";"NPÚ Praha";"2011";"B";0;"no.1";;;;;;"Sonda v zadním traktu domu.";"B"
"P1/PRAHA - ST/2011/970";2;0;"449";"398";"S02";"Podliska J.";"NPÚ Praha";"2011";"L";0;"stredo";"novove";;;;;"Nepravdielnı prùbìh liniového vıkopu pro inenırské sítì ve dvoøe a prùjezdu domu.";"B"
"P1/PRAHA - ST/2012/119";1;0;;"1064";"sonda 1 - R01, R02";"Havrda J.";"NPÚ Praha";"2012";"B";0;"rs/vs";"vstred";;;;;"Tınská ulièka pøed èp. 629/I.";"B"
"P1/PRAHA - ST/2012/119";2;0;;"1064";"sonda 11 - R14";"Havrda J.";"NPÚ Praha";"2012";"L";0;"rs/vs";"vstred";;;;;"Tınská ulièka pøed èp. 627 a 1064; podloí zachyceno geologickım vrtákem.";"B"
"P1/PRAHA - ST/2012/119";3;0;;"1063";"sonda 3 - R04";"Havrda J.";"NPÚ Praha";"2012";"L";0;"rs/vs";"vstred";;;;;"Tınská ulice pøed èp. 627/I.";"B"
"P1/PRAHA - ST/2012/119";4;0;;"1063";"sonda 4 - R05";"Havrda J.";"NPÚ Praha";"2012";"B";0;"rs/vs";"vstred";;;;;"Tınská ulice pøed èp. 605/I; podloí zachyceno geologickım vrtákem.";"B"
"P1/PRAHA - ST/2012/119";5;0;;"1063";"sonda 6 - R07, R09";"Havrda J.";"NPÚ Praha";"2012";"B";0;"vstred";;;;;;"Tınská ulice pøed èp. 629; podloí zachyceno geologickım vrtákem.";"B"
"P1/PRAHA - ST/2012/119";6;0;;"1063";"sonda 6 - R08";"Havrda J.";"NPÚ Praha";"2012";"L";0;"vstred";;;;;;"Tınská ulice pøed èp. 629; podloí zachyceno geologickım vrtákem.";"B"
"P1/PRAHA - ST/2012/119";7;0;;"1063";"sonda 7 - R10";"Havrda J.";"NPÚ Praha";"2012";"L";0;"vstred";;;;;;"Pøed Tınskım chrámem Tınské ulici; podloí zachyceno geologickım vrtákem.";"B"
"P1/PRAHA - ST/2012/119";8;0;;"1063";"sonda 10 - R13";"Havrda J.";"NPÚ Praha";"2012";"L";0;"vstred";;;;;;"Tınská ulice pøed èp. 629; podloí bylo zachyceno v prostøední èásti øezu v geologickém vrtáku na niveletì 189,81.";"B"
"P1/PRAHA - ST/2012/119";9;0;;"1063";"sonda 13";"Havrda J.";"NPÚ Praha";"2012";"B";0;"novove";;;;;;"Tınská ulice pøed èp. 627 a 628.";"B"
"P1/PRAHA - ST/2012/119";10;0;;"1068";"sonda 12 - R15";"Havrda J.";"NPÚ Praha";"2012";"L";0;"rs/vs";"vstred";;;;;"Jakubská ulice pøed èp. 674.";"B"
"P1/PRAHA - ST/2012/119";11;0;;"1068";"sonda 12 - R16";"Havrda J.";"NPÚ Praha";"2012";"B";0;"rs/vs";"vstred";;;;;"Jakubská ulice pøed èp. 674.";"B"
"P1/PRAHA - ST/2012/119";12;0;;"1068";"sonda 15 - R18";"Havrda J.";"NPÚ Praha";"2012";"L";0;"stredo";;;;;;"Jakubská ulice u presbyteria kostela sv. Jakuba.";"B"
"P1/PRAHA - ST/2012/119";13;0;;"1068";"sonda 15 - R19";"Havrda J.";"NPÚ Praha";"2012";"L";0;"stredo";;;;;;"Jakubská ulice u presbyteria kostela sv. Jakuba.";"B"
"P1/PRAHA - ST/2012/119";14;0;;"1068";"sonda 15 - R20";"Havrda J.";"NPÚ Praha";"2012";"L";0;"stredo";;;;;;"Jakubská ulice u presbyteria kostela sv. Jakuba.";"B"
"P1/PRAHA - ST/2012/119";15;0;;"1068";"sonda 17 - R22";"Havrda J.";"NPÚ Praha";"2012";"L";1;"vstred";;;;;;"Jakubská ulice pøed lodí kostela sv. Jakuba.";"B"
"P1/PRAHA - ST/2012/119";16;0;;"1068";"sonda 17 - R23";"Havrda J.";"NPÚ Praha";"2012";"L";0;"vstred";;;;;;"Jakubská ulice pøed lodí kostela sv. Jakuba.";"B"
"P1/PRAHA - ST/2012/119";17;0;;"1068";"sonda 18 - R24";"Havrda J.";"NPÚ Praha";"2012";"B";0;"vstred";;;;;;"Jakubská ulice u napojení ulice Templové, v hloubce 0,34 cm pod vozovkou zachyceno pøedasanaèní zdivo široké 1,2 m, orientované V-Z.";"B"
"P1/PRAHA - ST/2012/119";18;0;;"1068";"sonda 19 - R25";"Havrda J.";"NPÚ Praha";"2012";"L";0;"rs/vs";"vstred";;;;;"Jakubská ulice u presbyteria kostela sv. Jakuba.";"B"
"P1/PRAHA - ST/2012/119";19;0;;"1070";"sonda 2 - R03";"Havrda J.";"NPÚ Praha";"2012";"B";0;"vstred";;;;;;"Ulice Templová pøed èp. 769/I; geologickı vrták zaraen do hloubky 190,45 - podloí nezastieno.";"B"
"P1/PRAHA - ST/2012/119";20;0;;"1070";"sonda 5 - R06";"Havrda J.";"NPÚ Praha";"2012";"L";0;"vstred";;;;;;"Ulice Templová pøed èp. 589; geologickı vrták zaraen do hloubky 190,17 - podloí nezastieno.";"B"
"P1/PRAHA - ST/2012/119";21;0;;"1070";"sonda 9 - R12";"Havrda J.";"NPÚ Praha";"2012";"B";0;"stredo";;;;;;"Ulice Templová pøed èp. 747.";"B"
"P1/PRAHA - ST/2012/119";22;0;;"1070";"sonda 14 - R17";"Havrda J.";"NPÚ Praha";"2012";"L";0;"rs/vs";"vstred";;;;;"Ulice Templová u napojení ulice Štupartské.";"B"
"P1/PRAHA - ST/2012/119";23;0;;"1067";"sonda 16 - R21";"Havrda J.";"NPÚ Praha";"2012";"L";0;"stredo";;;;;;"Malá Štupartská pøed kostelem sv. Jakuba.";"B"
"P1/PRAHA - ST/2012/119";24;0;;"1090";"sonda 8 - R11";"Havrda J.";"NPÚ Praha";"2012";"L";0;"vstred";;;;;;"Staromìstské námìstí pøed èp. 605; podloí zachyceno geologickım vrtákem.";"B"
"P1/PRAHA - ST/2012/154";1;0;;"1093";"sonda S2, øez R01";"Havrda J.";"NPÚ Praha";"2012";"L";0;"vstred";;;;;;"nám. Franze Kafky ppè. 1093";"B"
"P1/PRAHA - ST/2012/154";2;0;;"1093";"sonda S18, øez R02";"Havrda J.";"NPÚ Praha";"2012";"L";0;"vstred";;;;;;"nám. Franze Kafky ppè. 1093 - Podloí zde bylo zachyceno geologickım vrtákem v hloubce 2,28 m, na niveletì 188,01 m. Tvoøeno bylo svìtle hnìdou písèitou hlínou, kterou je mono interpretovat jako pùdní typ. Ten se vyvinul na štìrkové terase, její povrch byl zaznamenán na kótì 187,5 m.";"B"
"P1/PRAHA - ST/2012/154";3;0;;"1093";"sonda S4";"Havrda J.";"NPÚ Praha";"2012";"B";0;"no.2";;;;;;"nám. Franze Kafky ppè. 1093. Zachyceny pouze asanaèní naváky.";"B"
"P1/PRAHA - ST/2012/154";4;0;;"1099";"sonda S24";"Havrda J.";"NPÚ Praha";"2012";"L";0;"no.2";;;;;;"Veleslavínova ulice ppè. 1099. Zachyceny pouze asanaèní naváky.";"B"
"P1/PRAHA - ST/2012/154";5;0;;"115/1";"sonda S01";"Havrda J.";"NPÚ Praha";"2012";"L";0;"no.2";;;;;;"Kaprova ulice ppè. 1096 (Staré Mìsto), ppè. 115/1 (Josefov). Hloubka vıkopu 2m, zachyceny pouze asanaèní naváky.";"B"
"P1/PRAHA - ST/2012/154";6;0;;"115/1";"sonda S05";"Havrda J.";"NPÚ Praha";"2012";"L";0;"no.2";;;;;;"Kaprova ulice ppè. 1096 (Staré Mìsto), ppè. 115/1 (Josefov). Zachyceny pouze asanaèní naváky.";"B"
"P1/PRAHA - ST/2012/154";7;0;;"115/1";"sonda S06";"Havrda J.";"NPÚ Praha";"2012";"B";0;"no.2";;;;;;"Kaprova ulice ppè. 1096 (Staré Mìsto), ppè. 115/1 (Josefov).Zachyceny pouze asanaèní naváky.";"B"
"P1/PRAHA - ST/2012/154";8;0;;"115/1";"sonda S07";"Havrda J.";"NPÚ Praha";"2012";"L";0;"no.2";;;;;;"Kaprova ulice ppè. 1096 (Staré Mìsto), ppè. 115/1 (Josefov).Zachyceny pouze asanaèní naváky.";"B"
"P1/PRAHA - ST/2012/154";9;0;;"115/1";"sonda S08";"Havrda J.";"NPÚ Praha";"2012";"B";0;"no.2";;;;;;"Kaprova ulice ppè. 1096 (Staré Mìsto), ppè. 115/1 (Josefov).Zachyceny pouze asanaèní naváky.";"B"
"P1/PRAHA - ST/2012/154";10;0;;"1096";"sonda S16";"Havrda J.";"NPÚ Praha";"2012";"L";0;"no.2";;;;;;"Kaprova ulice ppè. 1096 (Staré Mìsto), ppè. 115/1 (Josefov).Zachyceny pouze asanaèní naváky.";"B"
"P1/PRAHA - ST/2012/154";11;0;;"1098/1";"sonda S21";"Havrda J.";"NPÚ Praha";"2012";"L";0;"no.2";;;;;;"Valentinská ulice ppè. 1098/1. Zachyceny pouze asanaèní naváky.";"B"
"P1/PRAHA - ST/2012/154";12;0;;"1098/1";"sonda S22";"Havrda J.";"NPÚ Praha";"2012";"B";0;"no.2";;;;;;"Valentinská ulice ppè. 1098/1. Zachyceny pouze asanaèní naváky.";"B"
"P1/PRAHA - ST/2012/154";13;0;;"1098/1";"sonda S23";"Havrda J.";"NPÚ Praha";"2012";"L";0;"no.2";;;;;;"Valentinská ulice ppè. 1098/1. Zachyceny pouze asanaèní naváky.";"B"
"P1/PRAHA - ST/2012/154";14;0;;"1104";"sonda 20, øez R03";"Havrda J.";"NPÚ Praha";"2012";"L";0;"stredo";;;;;;"Platnéøská ulice ppè. 1104. (u køiovatky s ateckou ulicí). Dokumentováno pøedasanaèní zdivo";"B"
"P1/PRAHA - ST/2012/154";15;0;;"116";"sonda S09";"Havrda J.";"NPÚ Praha";"2012";"L";0;"no.2";;;;;;"atecká ulice ppè. 1097 (Staré Mìsto) a ppè. 116 (Josefov). Zachyceny pouze asanaèní naváky.";"B"
"P1/PRAHA - ST/2012/154";16;0;;"116";"sonda S10";"Havrda J.";"NPÚ Praha";"2012";"L";0;"no.2";;;;;;"atecká ulice ppè. 1097 (Staré Mìsto) a ppè. 116 (Josefov). Zachyceny pouze asanaèní naváky. Hloubka vıkopu 2 m.";"B"
"P1/PRAHA - ST/2012/154";17;0;;"1097";"sonda S17";"Havrda J.";"NPÚ Praha";"2012";"B";0;"no.2";;;;;;"atecká ulice ppè. 1097 (Staré Mìsto) a ppè. 116 (Josefov). Zachyceny pouze asanaèní naváky. Hloubka vıkopu 2 m.";"B"
"P1/PRAHA - ST/2012/154";18;0;;"1097";"sonda S19";"Havrda J.";"NPÚ Praha";"2012";"L";0;"no.2";;;;;;"atecká ulice ppè. 1097 (Staré Mìsto) a ppè. 116 (Josefov). Zachyceny pouze asanaèní naváky. Hloubka vıkopu 2 m.";"B"
"P1/PRAHA - ST/2012/154";19;0;;"119/1";"sonda S03";"Havrda J.";"NPÚ Praha";"2012";"B";0;"no.2";;;;;;"Široká ulice ppè. 119/1. Zachyceny pouze asanaèní naváky.";"B"
"P1/PRAHA - ST/2012/154";20;0;;"119/1";"sonda S12";"Havrda J.";"NPÚ Praha";"2012";"L";0;"no.2";;;;;;"Široká ulice ppè. 119/1. Zachyceny pouze asanaèní naváky.";"B"
"P1/PRAHA - ST/2012/154";21;0;;"119/1";"sonda S13";"Havrda J.";"NPÚ Praha";"2012";"L";0;"no.2";;;;;;"Široká ulice ppè. 119/1. Zachyceny pouze asanaèní naváky.";"B"
"P1/PRAHA - ST/2012/154";22;0;;"119/1";"sonda S14";"Havrda J.";"NPÚ Praha";"2012";"B";0;"no.2";;;;;;"Široká ulice ppè. 119/1. Zachyceny pouze asanaèní naváky.";"B"
"P1/PRAHA - ST/2012/154";23;0;;"119/1";"sonda S15";"Havrda J.";"NPÚ Praha";"2012";"B";0;"no.2";;;;;;"Široká ulice ppè. 119/1. Zachyceny pouze asanaèní naváky. Hloubka vıkopu 2 m.";"B"
"P1/PRAHA - ST/2012/185";1;0;"309";"317/1";"sonda 1";"Havrda J.";"NPÚ Praha";"2012";"P";0;"rs/vs";"vstred";"novove";;;;;"B"
"P1/PRAHA - ST/2012/185";2;0;"309";"317/1";"sonda 2";"Havrda J.";"NPÚ Praha";"2012";"B";0;"rs/vs";"novove";;;;;;"B"
"P1/PRAHA - ST/2012/185";3;0;"309";"317/1";"sonda 3";"Havrda J.";"NPÚ Praha";"2012";"P";0;"rs/vs";"novove";;;;;;"B"
"P1/PRAHA - ST/2012/355";1;0;"219";"179";"Sonda S01";"Prokopová A.";"NPÚ Praha";"2012";"B";0;"vstred";"no.1";"no.2";;;;;"B"
"P1/PRAHA - ST/2012/355";2;0;"219";"179";"Sonda S02";"Prokopová A.";"NPÚ Praha";"2012";"B";0;"no.2";;;;;;;"B"
"P1/PRAHA - ST/2012/355";3;0;"219";"179";"Sonda S03";"Prokopová A.";"NPÚ Praha";"2012";"B";0;"novove";;;;;;;"B"
"P1/PRAHA - ST/2012/355";4;0;"219";"179";"Sonda S04";"Prokopová A.";"NPÚ Praha";"2012";"B";0;"novove";;;;;;;"B"
"P1/PRAHA - ST/2012/416";1;0;;;"Linie 1";"Prokopová A.";"NPÚ Praha";"2012";"L";0;;;;;;;;"B"
"P1/PRAHA - ST/2012/416";2;0;;;"Linie 2";"Prokopová A.";"NPÚ Praha";"2012";"L";0;"novove";;;;;;;"B"
"P1/PRAHA - ST/2012/416";3;0;;;"Linie 3";"Prokopová A.";"NPÚ Praha";"2012";;0;"stredo";"novove";;;;;;"B"
"P1/PRAHA - ST/2012/416";4;0;;;"Linie 4";"Prokopová A.";"NPÚ Praha";"2012";;0;"stredo";"vs/no";"novove";;;;;"B"
"P1/PRAHA - ST/2012/416";5;0;;;"Linie 5";"Prokopová A.";"NPÚ Praha";"2012";;0;;;;;;;;"B"
"P1/PRAHA - ST/2012/416";6;0;;;"Linie 6";"Prokopová A.";"NPÚ Praha";"2012";;0;;;;;;;;"B"
"P1/PRAHA - ST/2012/416";7;0;;;"Linie 7";"Prokopová A.";"NPÚ Praha";"2012";;0;;;;;;;;"B"
"P1/PRAHA - ST/2012/627";1;0;;"1117/1";"S01";"Podliska J.";"NPÚ Praha";"2012";"P";0;"rstred";"vstred";"novove";;;;;"B"
"P1/PRAHA - ST/2012/627";2;0;;"1121";"S02";"Podliska J.";"NPÚ Praha";"2012";;0;"stredo";"novove";;;;;;"B"
"P1/PRAHA - ST/2012/627";3;0;;"1171/1";"S03";"Podliska J.";"NPÚ Praha";"2012";"B";0;"stredo";"novove";;;;;;"B"
"P1/PRAHA - ST/2012/627";4;0;;"1171/1";"S04";"Podliska J.";"NPÚ Praha";"2012";"P";0;"stredo";"novove";;;;;;"B"
"P1/PRAHA - ST/2012/627";5;0;;"1171/1";"S05";"Podliska J.";"NPÚ Praha";"2012";"B";0;"stredo";"novove";;;;;;"B"
"P1/PRAHA - ST/2012/627";6;0;;"1171/1";"S06";"Podliska J.";"NPÚ Praha";"2012";"B";0;"stredo";"novove";;;;;;"B"
"P1/PRAHA - ST/2012/684";1;0;;"382";;"Semerád M.";"NPÚ Praha";"2012";"P";0;"vs.1";;;;;;;"B"
"P1/PRAHA - ST/2012/721";1;0;;"1129";"Sonda 1";"Staòková V.";"NPÚ Praha";"2012";"P";1;"rstred";"rs/vs";"vs.1";"novove";;;;"B"
"P1/PRAHA - ST/2012/721";2;0;;"1129";"Sonda 2";"Staòková V.";"NPÚ Praha";"2012";"B";0;"rs/vs";"vs.1";"novove";;;;;"B"
"P1/PRAHA - ST/2012/721";3;0;;"1129";"Plocha 3";"Staòková V.";"NPÚ Praha";"2012";"P";0;"vstred";"novove";;;;;;"B"
"P1/PRAHA - ST/2012/905";1;0;;"1131";"linie L01";"Flek F.";"NPÚ Praha";"2012";"L";0;"novove";"stredo";;;;;;"B"
"P1/PRAHA - ST/2012/905";2;0;;"1112";"linie L02";"Podliska J.";"NPÚ Praha";"2012";"L";0;"novove";;;;;;;"B"
"P1/PRAHA - ST/2012/905";3;0;;"1114";"linie L03";"Podliska J.";"NPÚ Praha";"2012";"L";0;"novove";;;;;;;"B"
"P1/PRAHA - ST/2012/905";4;0;;"1130";"linie L04";"Podliska J.";"NPÚ Praha";"2012";"L";0;"novove";;;;;;;"B"
"P1/PRAHA - ST/2012/905";5;0;;"200";"linie L05";"Podliska J.";"NPÚ Praha";"2012";"L";0;"novove";;;;;;;"B"
"P1/PRAHA - ST/2012/905";6;0;;"1134";"linie L06";"Podliska J.";"NPÚ Praha";"2012";"L";0;"novove";"stredo";;;;;;"B"
"P1/PRAHA - ST/2012/905";7;0;;"1133/1";"linie L07";"Podliska J.";"NPÚ Praha";"2012";"L";0;"novove";"stredo";;;;;;"B"
"P1/PRAHA - ST/2012/905";8;0;;"172";"linie L08";"Podliska J.";"NPÚ Praha";"2012";;0;"novove";;;;;;;"B"
"P1/PRAHA - ST/2012/905";9;0;;"1149";"linie L09";"Podliska J.";"NPÚ Praha";"2012";"L";0;"novove";;;;;;;"B"
"P1/PRAHA - ST/2012/905";10;0;;"1135";"linie L10";"Podliska J.";"NPÚ Praha";"2012";"L";0;"novove";;;;;;;"B"
"P1/PRAHA - ST/2012/905";11;0;;"1149";"linie L11";"Podliska J.";"NPÚ Praha";"2012";"L";0;"novove";;;;;;;"B"
"P1/PRAHA - ST/2012/905";12;0;;"1133/1";"linie L12";"Podliska J.";"NPÚ Praha";"2012";"L";0;"novove";"stredo";;;;;;"B"
"P1/PRAHA - ST/2012/905";13;0;;"1131";"linie L13";"Podliska J.";"NPÚ Praha";"2013";"L";0;"novove";;;;;;"Linie L13-L16 realizovány a v bøeznu 2013.";"B"
"P1/PRAHA - ST/2012/905";14;0;;"1112";"linie L14";"Podliska J.";"NPÚ Praha";"2013";"L";0;"novove";;;;;;"Linie L13-L16 realizovány a v bøeznu 2013.";"B"
"P1/PRAHA - ST/2012/905";15;0;;"1134";"linie L15";"Podliska J.";"NPÚ Praha";"2013";"L";0;"novove";;;;;;"Linie L13-L16 realizovány a v bøeznu 2013.";"B"
"P1/PRAHA - ST/2012/905";16;0;;"1149";"linie L16";"Podliska J.";"NPÚ Praha";"2013";;0;"novove";;;;;;"Linie L13-L16 realizovány a v bøeznu 2013.";"B"
"P1/PRAHA - ST/2013/144";1;0;"213";"173";"Stavební vıkop";"Semerád M.";"NPÚ Praha";"2013";"L";0;"novove";;;;;;;"B"
"P1/PRAHA - ST/2013/235";1;0;;"274";"S1";"Staòková V.";"NPÚ Praha";"2012";"P";0;"novove";;;;;;"Øezy R01 a R02.";"B"
"P1/PRAHA - ST/2013/235";2;0;;"274";"S2";"Staòková V.";"NPÚ Praha";"2012";"B";0;"novove";;;;;;;"B"
"P1/PRAHA - ST/2013/235";3;0;;"274";"S3";"Staòková V.";"NPÚ Praha";"2012";"B";0;"novove";;;;;;;"B"
"P1/PRAHA - ST/2013/235";4;0;;"274";"S4";"Staòková V.";"NPÚ Praha";"2012";"B";0;"novove";;;;;;;"B"
"P1/PRAHA - ST/2013/235";5;0;;"274";"S5";"Staòková V.";"NPÚ Praha";"2012";"B";0;"novove";;;;;;;"B"
"P1/PRAHA - ST/2013/235";6;0;;"274";"S6";"Staòková V.";"NPÚ Praha";"2012";"B";0;"novove";;;;;;"Øez R03.";"B"
"P1/PRAHA - ST/2013/235";7;0;;"274";"S7";"Staòková V.";"NPÚ Praha";"2013";"L";0;"novove";;;;;;"Øezy R04 a R07.";"B"
"P1/PRAHA - ST/2013/385";1;0;"506/507";"431";"2013/13";"Staòková V.";"NPÚ Praha";"2013";"L";0;"no.2";;;;;;;"B"
"P1/PRAHA - ST/2013/644";1;0;"215";"181";"2013/07";"ïárská A.";"NPÚ Praha";"2013";"B";0;"vstred";;;;;;"Prostor zasypaného suterénu.";"B"
"P1/PRAHA - ST/2013/654";1;0;;"383/1";"S01";"Podliska J.";"NPÚ Praha";"2013";"L";0;"novove";;;;;;"Ppè. 383/1 a 384.";"B"
"P1/PRAHA - ST/2013/799";1;0;;"1093";"Stavební vıkop";"Semerád M.";"NPÚ Praha";"2013";"P";0;"st-no";;;;;;;"B"
"P1/PRAHA - ST/2013/832";1;0;"952";"294";"sonda S01";"Podliska J.";"NPÚ Praha";"2013";;0;"novove";"stredo";;;;;"Souvrství, pravdìpodobnì i støedovìkého stáøí zachyceno v severní èásti linie pøi prùjezdu na dvùr. Bod poøadí è.2 - øez R01.";"B"
"P1/PRAHA - ST/2013/905";13;0;;"1131";"linie L13";"Podliska J.";"NPÚ Praha";"2013";"L";0;"novove";;;;;;"Linie L13-L16 realizovány a v bøeznu 2013.";"B"
"P1/PRAHA - ST/2013/905";14;0;;"1112";"linie L14";"Podliska J.";"NPÚ Praha";"2013";"L";0;"novove";;;;;;"Linie L13-L16 realizovány a v bøeznu 2013.";"B"
"P1/PRAHA - ST/2013/905";15;0;;"1134";"linie L15";"Podliska J.";"NPÚ Praha";"2013";"L";0;"novove";;;;;;"Linie L13-L16 realizovány a v bøeznu 2013.";"B"
"P1/PRAHA - ST/2013/905";16;0;;"1149";"linie L16";"Podliska J.";"NPÚ Praha";"2013";;0;"novove";;;;;;"Linie L13-L16 realizovány a v bøeznu 2013.";"B"
"P1/PRAHA - ST/2013/931";1;0;"727";"838";"Vıkop stavební jámy";"Semerád M.";"NPÚ Praha";"2013";"P";0;;;;;;;;"B"
"P1/PRAHA - ST/2013/941";1;0;"287";"220";"S01";"Podliska J.";"NPÚ Praha";"2013";"B";0;"no.2";"stredo";;;;;"Novovìké, recentní naváky. Ve spodní partii dochován zbytek støedovìkého sídlištního souvrství.";"B"
"P1/PRAHA - ST/2014/263";1;0;"211";"171/1";"S01";"Podliska J.";"NPÚ Praha";"2013";"L";0;"novove";;;;;;"Liniovı vıkop pro odpadní kanalizaci.";"B"
"P1/PRAHA - ST/2014/263";2;0;"211";"171/1";"A";"Podliska J.";"NPÚ Praha";"2013";"P";0;"novove";;;;;;"Plošnı odkryv pochozí úrovnì.";"B"
"P1/PRAHA - ST/2014/263";3;0;"211";"171/1";"B";"Podliska J.";"NPÚ Praha";"2013";"P";0;"novove";;;;;;"Plošnı odkryv pochozí úrovnì.";"B"
"P1/PRAHA - ST/2014/263";4;0;"211";"171/1";"C";"Podliska J.";"NPÚ Praha";"2013";"P";0;"novove";;;;;;"Plošnı odkryv pochozí úrovnì.";"B"
"P1/PRAHA - ST/2014/422";1;0;"269";"204";"S1";"Valentová J., Novák L.";"NM Praha";;"P";0;"novove";;;;;;;"B"
"P2/PRAHA - NO/2008/317";1;0;"1625";"2184";"Statická sondá";"Starec P.";"MM Praha";"2008";"O";0;"stredo";;;;;;;"B"
"P2/PRAHA - NO/2009/647";1;0;"515";"1860";"Sektor 1";"Starec P.";"MM Praha";"2009";"P";0;"no.2";;;;;;;"B"
"P2/PRAHA - NO/2010/357";1;0;;"2411";"s.1";"Cymbalak T.";"NPÚ Praha";"2010";"L";0;"rs/vs";"stredo";;;;;"Náplavní.";"B"
"P2/PRAHA - NO/2010/357";2;0;;"2406";"s.2";"Cymbalak T.";"NPÚ Praha";"2010";"L";0;"rstred";"stredo";"novove";;;;"Myslíkova.";"B"
"P2/PRAHA - NO/2010/357";3;0;;"2415";"s.3";"Cymbalak T.";"NPÚ Praha";"2010";"P";0;"novove";;;;;;"Odborù.";"B"
"P2/PRAHA - NO/2010/488";0;0;"499/II";"1645";"1";"Selmi Wallisová M.";"ÈSA, o.p.s";"2010";"B";0;"-";;;;;;"Recent 20. stol.";"B"
"P2/PRAHA - NO/2011/492";1;0;;"2470/1";"S01";"Cymbalak T.";"NPÚ Praha";"2011";"B";0;"?";;;;;;"Negativní.";"B"
"P2/PRAHA - NO/2011/492";2;0;;"2470/1";"S02";"Cymbalak T.";"NPÚ Praha";"2011";"B";0;"?";;;;;;"Negativní.";"B"
"P2/PRAHA - NO/2011/492";3;0;;"2470/1";"S03";"Cymbalak T.";"NPÚ Praha";"2011";"B";0;"?";;;;;;"Negativní.";"B"
"P2/PRAHA - NO/2011/492";4;0;;"2470/1";"S04";"Cymbalak T.";"NPÚ Praha";"2011";"B";0;"no.2";"no.1";;;;;"Zdivo + souvrství.";"B"
"P2/PRAHA - NO/2011/492";5;0;;"2470/1";"S05";"Cymbalak T.";"NPÚ Praha";"2011";"B";0;"no.2";"no.1";;;;;"Zdivo + souvrství.";"B"
"P2/PRAHA - NO/2011/492";6;0;;"2470/1";"S06";"Cymbalak T.";"NPÚ Praha";"2011";"L";0;"no.2";"no.1";;;;;"Souvrství + vıkopy + dládìní.";"B"
"P2/PRAHA - NO/2011/492";7;0;;"2470/1";"S07";"Cymbalak T.";"NPÚ Praha";"2011";"B";0;"?";;;;;;"Negativní.";"B"
"P2/PRAHA - NO/2011/492";8;0;;"2470/1";"S08";"Cymbalak T.";"NPÚ Praha";"2011";"B";0;"no.2";"no.1";;;;;"Souvrství + vıkopy + dládìní + zeï.";"B"
"P2/PRAHA - NO/2011/492";9;0;;"2470/2";"S09";"Cymbalak T.";"NPÚ Praha";"2011";"B";0;"vs.1";"novove";;;;;"Souvrství + vıkopy + dládìní + zeï + hradba.";"B"
"P2/PRAHA - NO/2011/524";1;0;;"1332";"Bastion XXXI";"Starec P.";"MM Praha";"2011";"O";0;"vs.2";"no.1";;;;;;"B"
"P2/PRAHA - NO/2011/869";1;0;"10";"771";"Sonda S01";"Cymbalak T.";"NPÚ ú.p. Praha";"2011";"P";0;"no.2";;;;;;"Sonda byla lokalizovaná v záp. èástí parc., v tìsné blízkostí parc. è 770 a J obvodové zdi domu èp. 10, P2 – NM. Povrch sondy (197,35 m Bpv). Povrch terasy (196,20 m Bpv) tvoøil svìtle lutı, kyprı vlahı štìrkopísek a valounky do 0,5 cm.";"B"
"P2/PRAHA - NO/2011/958";1;0;;"2418/1";"sonda S01";"Podliska J.";"NPÚ Praha";"2011";"B";1;;"vs.2";"vs/no";"no.2";;;;"B"
"P2/PRAHA - NO/2011/958";2;0;;"2418/1";"sonda S02";"Podliska J.";"NPÚ Praha";"2011";"B";0;;"vs.2";"vs/no";"no.2";;;;"B"
"P2/PRAHA - NO/2011/958";3;0;;"2419/1";"sonda S03";"Podliska J.";"NPÚ Praha";"2011";"B";1;;"vs.2";"vs/no";"no.2";;;;"B"
"P2/PRAHA - NO/2012/153";1;0;"2005";"1404";"sonda S01";"Flek F.";"NPÚ Praha";"2012";"P";0;"novove";;;;;;"Recentní navákové souvrství.";"B"
"P2/PRAHA - NO/2012/994";1;0;"6";"770";"S01";"Cymbalak T.";"NPÚ Praha";"2012";"B";0;"no.2";;;;;;;"B"
"P2/PRAHA - NO/2013/130";1;0;;;"Linie 1";"ïárská A.";"NPÚ Praha";"2013";"L";0;"novove";;;;;;"Novovìké a recentní naváky.";"B"
"P2/PRAHA - NO/2013/130";2;0;;;"Linie 2";"ïárská A.";"NPÚ Praha";"2013";"L";0;"novove";;;;;;"Novovìké a recentní naváky.";"B"
"P2/PRAHA - NO/2013/130";3;0;;;"Linie 3";"ïárská A.";"NPÚ Praha";"2013";"L";0;"novove";;;;;;"Novovìké a recentní naváky.";"B"
"P2/PRAHA - NO/2013/130";4;0;;;"Linie 4";"ïárská A.";"NPÚ Praha";"2013";"L";0;"novove";;;;;;"Novovìké a recentní naváky.";"B"
"P2/PRAHA - NO/2013/130";5;0;;;"Linie 5";"ïárská A.";"NPÚ Praha";"2013";"L";0;"novove";;;;;;"Novovìké a recentní naváky.";"B"
"P2/PRAHA - NO/2013/130";6;0;;;"Linie 6";"ïárská A.";"NPÚ Praha";"2013";"L";0;"novove";;;;;;"Novovìké a recentní naváky.";"B"
"P2/PRAHA - NO/2013/130";7;0;;;"Linie 7";"ïárská A.";"NPÚ Praha";"2013";"L";0;"novove";;;;;;"Novovìké a recentní naváky.";"B"
"P2/PRAHA - NO/2013/457";1;0;;"784";"S01";"Cymbalak T.";"NPÚ Praha";"2013";"B";0;"rs/vs";;"no.1";"no.2";;;"Pyrotechnologické zaøízení; sídlištní horizont, zahloubené objekty; relikty døevìné konstrukce; zdìné konstrukce; zahradní horizont. Pùv. rozmìr sondy 2x2 m, v dùsledku odkryvu zdìné konstrukce na témìø celém pùdorysu rozhodnuto o rozšíøení o 1,5 m smìrem na sever. 
Sonda lokalizovaná v západní èásti zahrady patøící k parc. è. 784.";"B"
"P2/PRAHA - NO/2013/457";2;0;;"784";"S02";"Cymbalak T.";"NPÚ Praha";"2013";"B";0;"no.1";"no.2";;;;;"Rozmìrné zahloubené objekty; zahradní horizont. Sonda 2x2 m byla lokalizovaná v jihovıchodní èásti souèasné zahrady a od pøedchozí vzdálená 5 m.";"B"
"P2/PRAHA - NO/2013/788";1;0;;"1549";"A";"Podliska J.";"NPÚ Praha";"2013";"L";0;;;;;;;"Linie podél jiní a vıchodní zdi vìe kostela.";"B"
"P2/PRAHA - NO/2013/788";2;0;;"1549";"B";"Podliska J.";"NPÚ Praha";"2013";"L";0;;;;;;;"Linie podél jiní zdi kostela.";"B"
"P2/PRAHA - NO/2013/788";3;0;;"1549";"C";"Podliska J.";"NPÚ Praha";"2013";"L";0;;;;;;;"Linie podél jiní zdi kostela.";"B"
"P2/PRAHA - NO/2013/788";4;0;;"1549";"D";"Podliska J.";"NPÚ Praha";"2013";"L";0;;;;;;;"Linie podél jiní zdi kostela.";"B"
"P2/PRAHA - NO/2013/788";5;0;;"1549";"E";"Podliska J.";"NPÚ Praha";"2013";"L";0;;;;;;;"Linie podél jiní zdi kostela.";"B"
"P2/PRAHA - NO/2013/788";6;0;;"1549";"F";"Podliska J.";"NPÚ Praha";"2013";"L";0;;;;;;;"Linie podél západní zdi sakristie kostela.";"B"
"P2/PRAHA - NO/2013/788";7;0;;"1549";"G";"Podliska J.";"NPÚ Praha";"2013";"L";0;;;;;;;"Linie podél jiní zdi sakristie kostela.";"B"
"P2/PRAHA - NO/2013/788";8;0;;"1549";"H";"Podliska J.";"NPÚ Praha";"2013";"L";0;;;;;;;"Linie podél vıchodní zdi sakristie kostela.";"B"
"P2/PRAHA - NO/2013/788";9;0;;"1549";"I";"Podliska J.";"NPÚ Praha";"2013";"L";0;;;;;;;"Linie podél jiní ohradní zdi klášterní zahrady.";"B"
"P2/PRAHA - NO/2013/788";10;0;;"1549";"J";"Podliska J.";"NPÚ Praha";"2013";"L";0;;;;;;;"Severojiní linie spojující linii A a I.";"B"
"P2/PRAHA - NO/2013/788";11;0;;"1549";"K";"Podliska J.";"NPÚ Praha";"2013";;0;;;;;;;"Severojiní linie spojující linii D a I.";"B"
"P2/PRAHA - NO/2013/788";12;0;;"1549";"L";"Podliska J.";"NPÚ Praha";"2013";"L";0;;;;;;;"Severojiní linie spojující linii F a plochu M.";"B"
"P2/PRAHA - NO/2013/788";13;0;;"1549";"M";"Podliska J.";"NPÚ Praha";"2013";"P";0;;;;;;;"Plocha mezi linií L a N.";"B"
"P2/PRAHA - NO/2013/788";14;0;;"1549";"N";"Podliska J.";"NPÚ Praha";"2013";"L";0;;;;;;;"Linie mezi plochou M a linií I.";"B"
"P2/PRAHA - NO/2013/915";1;0;;;"Linie A";"ïárská A.";"NPÚ Praha";"2013";"B";0;"stredo";"novove";;;;;"Pozùstatky starší novovìké zástavby.";"B"
"P2/PRAHA - NO/2013/915";2;0;;;"Linie B";"ïárská A.";"NPÚ Praha";"2013";"L";0;"no.2";;;;;;"Novovìké a recentní naváky.";"B"
"P2/PRAHA - NO/2013/915";3;0;;;"Linie C";"ïárská A.";"NPÚ Praha";"2013";"L";0;;;;;;;"Novovìké a recentní naváky.";"B"
"P2/PRAHA - NO/2013/915";4;0;;;"Linie D";"ïárská A.";"NPÚ Praha";"2013";"L";0;;;;;;;"Novovìké a recentní naváky.";"B"
"P2/PRAHA - NO/2013/915";5;0;;;"Linie E";"ïárská A.";"NPÚ Praha";"2013";"L";0;"stredo";"novove";"st-no";;;;"Sídlištní souvrství (novovìké a støedovìké pochozí úrovnì).";"B"
"P2/PRAHA - VY/2012/450";1;0;;"159/1";"sonda S01";"Flek F.";"NPÚ Praha";"2012";"L";0;"novove";"rs.4";;;;;"Recentní naváky, svahoviny, sídlištní aktivity.";"B"
"P2/PRAHA - VY/2012/450";2;0;;"265";"sonda S02";"Podliska J.";"NPÚ Praha";"2012";"L";0;"novove";"stredo";;;;;"Recentní naváky, IS, svahoviny, sídlištní aktivity.";"B"
